date,fixed_rate_30_yr,fees_and_pts_30_yr,fixed_rate_15_yr,fees_and_pts_15_yr,adjustable_rate_5_1_hybrid,fees_and_pts_5_1_hybrid,adjustable_margin_5_1_hybrid,spread_30_yr_fixed_and_5_1_adjustable
1971-04-02,7.33,NA,NA,NA,NA,NA,NA,NA
1971-04-09,7.31,NA,NA,NA,NA,NA,NA,NA
1971-04-16,7.31,NA,NA,NA,NA,NA,NA,NA
1971-04-23,7.31,NA,NA,NA,NA,NA,NA,NA
1971-04-30,7.29,NA,NA,NA,NA,NA,NA,NA
1971-05-07,7.38,NA,NA,NA,NA,NA,NA,NA
1971-05-14,7.42,NA,NA,NA,NA,NA,NA,NA
1971-05-21,7.44,NA,NA,NA,NA,NA,NA,NA
1971-05-28,7.46,1,NA,NA,NA,NA,NA,NA
1971-06-04,7.52,NA,NA,NA,NA,NA,NA,NA
1971-06-11,7.52,NA,NA,NA,NA,NA,NA,NA
1971-06-18,7.54,1.2,NA,NA,NA,NA,NA,NA
1971-06-25,7.54,NA,NA,NA,NA,NA,NA,NA
1971-07-02,7.54,NA,NA,NA,NA,NA,NA,NA
1971-07-09,7.54,NA,NA,NA,NA,NA,NA,NA
1971-07-16,7.6,1.2,NA,NA,NA,NA,NA,NA
1971-07-23,7.65,NA,NA,NA,NA,NA,NA,NA
1971-07-30,7.69,NA,NA,NA,NA,NA,NA,NA
1971-08-06,7.66,NA,NA,NA,NA,NA,NA,NA
1971-08-13,7.73,NA,NA,NA,NA,NA,NA,NA
1971-08-20,7.71,1.3,NA,NA,NA,NA,NA,NA
1971-08-27,7.69,NA,NA,NA,NA,NA,NA,NA
1971-09-03,7.71,NA,NA,NA,NA,NA,NA,NA
1971-09-10,7.67,NA,NA,NA,NA,NA,NA,NA
1971-09-17,7.7,1.1,NA,NA,NA,NA,NA,NA
1971-09-24,7.67,NA,NA,NA,NA,NA,NA,NA
1971-10-01,7.67,NA,NA,NA,NA,NA,NA,NA
1971-10-08,7.63,NA,NA,NA,NA,NA,NA,NA
1971-10-15,7.63,NA,NA,NA,NA,NA,NA,NA
1971-10-22,7.58,1.1,NA,NA,NA,NA,NA,NA
1971-10-29,7.63,NA,NA,NA,NA,NA,NA,NA
1971-11-05,7.59,NA,NA,NA,NA,NA,NA,NA
1971-11-12,7.56,NA,NA,NA,NA,NA,NA,NA
1971-11-19,7.54,1,NA,NA,NA,NA,NA,NA
1971-11-26,7.51,NA,NA,NA,NA,NA,NA,NA
1971-12-03,7.49,NA,NA,NA,NA,NA,NA,NA
1971-12-10,7.47,NA,NA,NA,NA,NA,NA,NA
1971-12-17,7.48,NA,NA,NA,NA,NA,NA,NA
1971-12-24,7.48,NA,NA,NA,NA,NA,NA,NA
1971-12-31,7.48,1,NA,NA,NA,NA,NA,NA
1972-01-07,7.46,1,NA,NA,NA,NA,NA,NA
1972-01-14,7.46,0.9,NA,NA,NA,NA,NA,NA
1972-01-21,7.43,1,NA,NA,NA,NA,NA,NA
1972-01-28,7.4,0.9,NA,NA,NA,NA,NA,NA
1972-02-04,7.35,0.9,NA,NA,NA,NA,NA,NA
1972-02-11,7.33,0.9,NA,NA,NA,NA,NA,NA
1972-02-18,7.31,0.9,NA,NA,NA,NA,NA,NA
1972-02-25,7.31,0.9,NA,NA,NA,NA,NA,NA
1972-03-03,7.32,0.9,NA,NA,NA,NA,NA,NA
1972-03-10,7.32,1,NA,NA,NA,NA,NA,NA
1972-03-17,7.31,0.9,NA,NA,NA,NA,NA,NA
1972-03-24,7.31,0.9,NA,NA,NA,NA,NA,NA
1972-03-31,7.23,0.9,NA,NA,NA,NA,NA,NA
1972-04-07,7.25,0.9,NA,NA,NA,NA,NA,NA
1972-04-14,7.29,0.9,NA,NA,NA,NA,NA,NA
1972-04-21,7.29,0.9,NA,NA,NA,NA,NA,NA
1972-04-28,7.33,1,NA,NA,NA,NA,NA,NA
1972-05-05,7.33,0.8,NA,NA,NA,NA,NA,NA
1972-05-12,7.38,0.9,NA,NA,NA,NA,NA,NA
1972-05-19,7.38,0.9,NA,NA,NA,NA,NA,NA
1972-05-26,7.4,0.9,NA,NA,NA,NA,NA,NA
1972-06-02,7.36,1,NA,NA,NA,NA,NA,NA
1972-06-09,7.38,1,NA,NA,NA,NA,NA,NA
1972-06-16,7.38,0.9,NA,NA,NA,NA,NA,NA
1972-06-23,7.36,0.9,NA,NA,NA,NA,NA,NA
1972-06-30,7.38,0.8,NA,NA,NA,NA,NA,NA
1972-07-07,7.38,0.9,NA,NA,NA,NA,NA,NA
1972-07-14,7.4,0.9,NA,NA,NA,NA,NA,NA
1972-07-21,7.4,0.9,NA,NA,NA,NA,NA,NA
1972-07-28,7.4,1,NA,NA,NA,NA,NA,NA
1972-08-04,7.35,0.9,NA,NA,NA,NA,NA,NA
1972-08-11,7.41,0.9,NA,NA,NA,NA,NA,NA
1972-08-18,7.42,0.9,NA,NA,NA,NA,NA,NA
1972-08-25,7.42,0.9,NA,NA,NA,NA,NA,NA
1972-09-01,7.42,1,NA,NA,NA,NA,NA,NA
1972-09-08,7.42,0.9,NA,NA,NA,NA,NA,NA
1972-09-15,7.42,0.9,NA,NA,NA,NA,NA,NA
1972-09-22,7.41,1,NA,NA,NA,NA,NA,NA
1972-09-29,7.43,1,NA,NA,NA,NA,NA,NA
1972-10-06,7.41,0.9,NA,NA,NA,NA,NA,NA
1972-10-13,7.41,0.9,NA,NA,NA,NA,NA,NA
1972-10-20,7.44,1,NA,NA,NA,NA,NA,NA
1972-10-27,7.42,1,NA,NA,NA,NA,NA,NA
1972-11-03,7.43,1,NA,NA,NA,NA,NA,NA
1972-11-10,7.42,1,NA,NA,NA,NA,NA,NA
1972-11-17,7.42,1,NA,NA,NA,NA,NA,NA
1972-11-24,7.44,0.9,NA,NA,NA,NA,NA,NA
1972-12-01,7.45,1,NA,NA,NA,NA,NA,NA
1972-12-08,7.43,1,NA,NA,NA,NA,NA,NA
1972-12-15,7.43,1,NA,NA,NA,NA,NA,NA
1972-12-22,7.45,1,NA,NA,NA,NA,NA,NA
1972-12-29,7.45,0.9,NA,NA,NA,NA,NA,NA
1973-01-05,7.44,0.9,NA,NA,NA,NA,NA,NA
1973-01-12,7.44,0.9,NA,NA,NA,NA,NA,NA
1973-01-19,7.44,0.9,NA,NA,NA,NA,NA,NA
1973-01-26,7.43,0.9,NA,NA,NA,NA,NA,NA
1973-02-02,7.43,0.9,NA,NA,NA,NA,NA,NA
1973-02-09,7.43,1,NA,NA,NA,NA,NA,NA
1973-02-16,7.45,0.9,NA,NA,NA,NA,NA,NA
1973-02-23,7.45,1,NA,NA,NA,NA,NA,NA
1973-03-02,7.45,1,NA,NA,NA,NA,NA,NA
1973-03-09,7.45,0.9,NA,NA,NA,NA,NA,NA
1973-03-16,7.45,0.9,NA,NA,NA,NA,NA,NA
1973-03-23,7.45,0.9,NA,NA,NA,NA,NA,NA
1973-03-30,7.49,0.9,NA,NA,NA,NA,NA,NA
1973-04-06,7.51,1,NA,NA,NA,NA,NA,NA
1973-04-13,7.54,0.9,NA,NA,NA,NA,NA,NA
1973-04-20,7.56,0.9,NA,NA,NA,NA,NA,NA
1973-04-27,7.56,0.9,NA,NA,NA,NA,NA,NA
1973-05-04,7.58,0.9,NA,NA,NA,NA,NA,NA
1973-05-11,7.64,0.9,NA,NA,NA,NA,NA,NA
1973-05-18,7.69,0.9,NA,NA,NA,NA,NA,NA
1973-05-24,7.7,0.9,NA,NA,NA,NA,NA,NA
1973-06-01,7.7,0.9,NA,NA,NA,NA,NA,NA
1973-06-08,7.73,0.9,NA,NA,NA,NA,NA,NA
1973-06-15,7.73,0.9,NA,NA,NA,NA,NA,NA
1973-06-22,7.75,0.9,NA,NA,NA,NA,NA,NA
1973-06-29,7.76,0.9,NA,NA,NA,NA,NA,NA
1973-07-06,7.89,0.9,NA,NA,NA,NA,NA,NA
1973-07-13,8.01,1,NA,NA,NA,NA,NA,NA
1973-07-20,8.12,0.9,NA,NA,NA,NA,NA,NA
1973-07-27,8.18,1,NA,NA,NA,NA,NA,NA
1973-08-03,8.26,1,NA,NA,NA,NA,NA,NA
1973-08-10,8.4,1.1,NA,NA,NA,NA,NA,NA
1973-08-17,8.55,1,NA,NA,NA,NA,NA,NA
1973-08-24,8.61,1,NA,NA,NA,NA,NA,NA
1973-08-31,8.66,1.1,NA,NA,NA,NA,NA,NA
1973-09-07,8.77,1.1,NA,NA,NA,NA,NA,NA
1973-09-14,8.81,1.1,NA,NA,NA,NA,NA,NA
1973-09-21,8.83,1.1,NA,NA,NA,NA,NA,NA
1973-09-28,8.85,1.1,NA,NA,NA,NA,NA,NA
1973-10-05,8.82,1.1,NA,NA,NA,NA,NA,NA
1973-10-12,8.83,1.1,NA,NA,NA,NA,NA,NA
1973-10-19,8.75,1,NA,NA,NA,NA,NA,NA
1973-10-26,8.68,1,NA,NA,NA,NA,NA,NA
1973-11-02,8.62,1,NA,NA,NA,NA,NA,NA
1973-11-09,8.59,1,NA,NA,NA,NA,NA,NA
1973-11-16,8.58,1,NA,NA,NA,NA,NA,NA
1973-11-23,8.57,1,NA,NA,NA,NA,NA,NA
1973-11-30,8.55,1,NA,NA,NA,NA,NA,NA
1973-12-07,8.53,1,NA,NA,NA,NA,NA,NA
1973-12-14,8.53,1,NA,NA,NA,NA,NA,NA
1973-12-21,8.53,1,NA,NA,NA,NA,NA,NA
1973-12-28,8.56,1,NA,NA,NA,NA,NA,NA
1974-01-04,8.56,1,NA,NA,NA,NA,NA,NA
1974-01-11,8.53,1,NA,NA,NA,NA,NA,NA
1974-01-18,8.55,1,NA,NA,NA,NA,NA,NA
1974-01-25,8.52,1,NA,NA,NA,NA,NA,NA
1974-02-01,8.48,1,NA,NA,NA,NA,NA,NA
1974-02-08,8.46,1,NA,NA,NA,NA,NA,NA
1974-02-15,8.46,1,NA,NA,NA,NA,NA,NA
1974-02-22,8.42,1,NA,NA,NA,NA,NA,NA
1974-03-01,8.41,1,NA,NA,NA,NA,NA,NA
1974-03-08,8.41,1,NA,NA,NA,NA,NA,NA
1974-03-15,8.4,1,NA,NA,NA,NA,NA,NA
1974-03-22,8.4,1,NA,NA,NA,NA,NA,NA
1974-03-29,8.41,1,NA,NA,NA,NA,NA,NA
1974-04-05,8.44,1,NA,NA,NA,NA,NA,NA
1974-04-12,8.53,1,NA,NA,NA,NA,NA,NA
1974-04-19,8.63,1,NA,NA,NA,NA,NA,NA
1974-04-26,8.73,1,NA,NA,NA,NA,NA,NA
1974-05-03,8.87,1,NA,NA,NA,NA,NA,NA
1974-05-10,8.98,1,NA,NA,NA,NA,NA,NA
1974-05-17,8.97,1.1,NA,NA,NA,NA,NA,NA
1974-05-24,9.01,1.1,NA,NA,NA,NA,NA,NA
1974-05-31,9.03,1.2,NA,NA,NA,NA,NA,NA
1974-06-07,9.06,1.2,NA,NA,NA,NA,NA,NA
1974-06-14,9.11,1.1,NA,NA,NA,NA,NA,NA
1974-06-21,9.07,1.2,NA,NA,NA,NA,NA,NA
1974-06-28,9.1,1.3,NA,NA,NA,NA,NA,NA
1974-07-05,9.14,1.3,NA,NA,NA,NA,NA,NA
1974-07-12,9.19,1.3,NA,NA,NA,NA,NA,NA
1974-07-19,9.37,1.2,NA,NA,NA,NA,NA,NA
1974-07-26,9.42,1.2,NA,NA,NA,NA,NA,NA
1974-08-02,9.47,1.3,NA,NA,NA,NA,NA,NA
1974-08-09,9.5,1.3,NA,NA,NA,NA,NA,NA
1974-08-16,9.6,1.2,NA,NA,NA,NA,NA,NA
1974-08-23,9.62,1.3,NA,NA,NA,NA,NA,NA
1974-08-30,9.74,1.3,NA,NA,NA,NA,NA,NA
1974-09-06,9.88,1.4,NA,NA,NA,NA,NA,NA
1974-09-13,9.92,1.4,NA,NA,NA,NA,NA,NA
1974-09-20,10,1.4,NA,NA,NA,NA,NA,NA
1974-09-27,10.03,1.4,NA,NA,NA,NA,NA,NA
1974-10-04,10.02,1.5,NA,NA,NA,NA,NA,NA
1974-10-11,9.96,1.5,NA,NA,NA,NA,NA,NA
1974-10-18,9.99,1.5,NA,NA,NA,NA,NA,NA
1974-10-25,9.94,1.5,NA,NA,NA,NA,NA,NA
1974-11-01,9.87,1.5,NA,NA,NA,NA,NA,NA
1974-11-08,9.81,1.4,NA,NA,NA,NA,NA,NA
1974-11-15,9.81,1.3,NA,NA,NA,NA,NA,NA
1974-11-22,9.73,1.3,NA,NA,NA,NA,NA,NA
1974-11-29,9.72,1.4,NA,NA,NA,NA,NA,NA
1974-12-06,9.69,1.3,NA,NA,NA,NA,NA,NA
1974-12-13,9.63,1.3,NA,NA,NA,NA,NA,NA
1974-12-20,9.58,1.3,NA,NA,NA,NA,NA,NA
1974-12-27,9.56,1.2,NA,NA,NA,NA,NA,NA
1975-01-03,9.6,1.2,NA,NA,NA,NA,NA,NA
1975-01-10,9.49,1.2,NA,NA,NA,NA,NA,NA
1975-01-17,9.43,1.2,NA,NA,NA,NA,NA,NA
1975-01-24,9.35,1.3,NA,NA,NA,NA,NA,NA
1975-01-31,9.29,1.2,NA,NA,NA,NA,NA,NA
1975-02-07,9.2,1.3,NA,NA,NA,NA,NA,NA
1975-02-14,9.13,1.2,NA,NA,NA,NA,NA,NA
1975-02-21,9.07,1.2,NA,NA,NA,NA,NA,NA
1975-02-28,9.02,1.1,NA,NA,NA,NA,NA,NA
1975-03-07,9,1.1,NA,NA,NA,NA,NA,NA
1975-03-14,8.89,1.1,NA,NA,NA,NA,NA,NA
1975-03-21,8.86,1.1,NA,NA,NA,NA,NA,NA
1975-03-28,8.86,1.1,NA,NA,NA,NA,NA,NA
1975-04-04,8.83,1,NA,NA,NA,NA,NA,NA
1975-04-11,8.81,1,NA,NA,NA,NA,NA,NA
1975-04-18,8.8,1,NA,NA,NA,NA,NA,NA
1975-04-25,8.84,1,NA,NA,NA,NA,NA,NA
1975-05-02,8.92,1.1,NA,NA,NA,NA,NA,NA
1975-05-09,8.88,1,NA,NA,NA,NA,NA,NA
1975-05-16,8.92,1.1,NA,NA,NA,NA,NA,NA
1975-05-23,8.92,1.1,NA,NA,NA,NA,NA,NA
1975-05-30,8.89,1.1,NA,NA,NA,NA,NA,NA
1975-06-06,8.89,1,NA,NA,NA,NA,NA,NA
1975-06-13,8.9,1,NA,NA,NA,NA,NA,NA
1975-06-20,8.88,1,NA,NA,NA,NA,NA,NA
1975-06-27,8.9,1.1,NA,NA,NA,NA,NA,NA
1975-07-03,8.88,1.1,NA,NA,NA,NA,NA,NA
1975-07-11,8.9,1.1,NA,NA,NA,NA,NA,NA
1975-07-18,8.89,1.1,NA,NA,NA,NA,NA,NA
1975-07-25,8.89,1.1,NA,NA,NA,NA,NA,NA
1975-08-01,8.89,1.1,NA,NA,NA,NA,NA,NA
1975-08-08,8.89,1.1,NA,NA,NA,NA,NA,NA
1975-08-15,8.93,1.1,NA,NA,NA,NA,NA,NA
1975-08-22,8.98,1.1,NA,NA,NA,NA,NA,NA
1975-08-29,9.02,1.1,NA,NA,NA,NA,NA,NA
1975-09-05,9.08,1.1,NA,NA,NA,NA,NA,NA
1975-09-12,9.16,1.1,NA,NA,NA,NA,NA,NA
1975-09-19,9.14,1.2,NA,NA,NA,NA,NA,NA
1975-09-26,9.14,1.1,NA,NA,NA,NA,NA,NA
1975-10-03,9.2,1.1,NA,NA,NA,NA,NA,NA
1975-10-10,9.21,1.1,NA,NA,NA,NA,NA,NA
1975-10-17,9.21,1.1,NA,NA,NA,NA,NA,NA
1975-10-24,9.26,1.1,NA,NA,NA,NA,NA,NA
1975-10-31,9.24,1.2,NA,NA,NA,NA,NA,NA
1975-11-07,9.19,1.2,NA,NA,NA,NA,NA,NA
1975-11-14,9.16,1.1,NA,NA,NA,NA,NA,NA
1975-11-21,9.12,1.1,NA,NA,NA,NA,NA,NA
1975-11-28,9.11,1.1,NA,NA,NA,NA,NA,NA
1975-12-05,9.11,1.1,NA,NA,NA,NA,NA,NA
1975-12-12,9.11,1.1,NA,NA,NA,NA,NA,NA
1975-12-19,9.08,1.1,NA,NA,NA,NA,NA,NA
1975-12-26,9.09,1.1,NA,NA,NA,NA,NA,NA
1976-01-02,9.1,1.1,NA,NA,NA,NA,NA,NA
1976-01-09,9.07,1.1,NA,NA,NA,NA,NA,NA
1976-01-16,9.01,1.1,NA,NA,NA,NA,NA,NA
1976-01-23,9,1.1,NA,NA,NA,NA,NA,NA
1976-01-30,8.9,1,NA,NA,NA,NA,NA,NA
1976-02-06,8.86,0.9,NA,NA,NA,NA,NA,NA
1976-02-13,8.83,0.9,NA,NA,NA,NA,NA,NA
1976-02-20,8.81,0.9,NA,NA,NA,NA,NA,NA
1976-02-27,8.75,1.1,NA,NA,NA,NA,NA,NA
1976-03-05,8.77,1.3,NA,NA,NA,NA,NA,NA
1976-03-12,8.75,1.3,NA,NA,NA,NA,NA,NA
1976-03-19,8.75,1.3,NA,NA,NA,NA,NA,NA
1976-03-26,8.75,1.3,NA,NA,NA,NA,NA,NA
1976-04-02,8.7,1.3,NA,NA,NA,NA,NA,NA
1976-04-09,8.7,1.3,NA,NA,NA,NA,NA,NA
1976-04-16,8.75,1.3,NA,NA,NA,NA,NA,NA
1976-04-23,8.75,1.3,NA,NA,NA,NA,NA,NA
1976-04-30,8.75,1.3,NA,NA,NA,NA,NA,NA
1976-05-07,8.75,1.3,NA,NA,NA,NA,NA,NA
1976-05-14,8.75,1.3,NA,NA,NA,NA,NA,NA
1976-05-21,8.78,1.3,NA,NA,NA,NA,NA,NA
1976-05-28,8.78,1.3,NA,NA,NA,NA,NA,NA
1976-06-04,8.78,1.3,NA,NA,NA,NA,NA,NA
1976-06-11,8.83,1.3,NA,NA,NA,NA,NA,NA
1976-06-18,8.88,1.3,NA,NA,NA,NA,NA,NA
1976-06-25,8.9,1.3,NA,NA,NA,NA,NA,NA
1976-07-02,8.93,1.3,NA,NA,NA,NA,NA,NA
1976-07-09,8.93,1.2,NA,NA,NA,NA,NA,NA
1976-07-16,8.93,1.2,NA,NA,NA,NA,NA,NA
1976-07-23,8.9,1.1,NA,NA,NA,NA,NA,NA
1976-07-30,8.98,1.2,NA,NA,NA,NA,NA,NA
1976-08-06,9,1.2,NA,NA,NA,NA,NA,NA
1976-08-13,9,1.2,NA,NA,NA,NA,NA,NA
1976-08-20,9,1.2,NA,NA,NA,NA,NA,NA
1976-08-27,9,1.2,NA,NA,NA,NA,NA,NA
1976-09-03,9,1.2,NA,NA,NA,NA,NA,NA
1976-09-10,8.97,1.2,NA,NA,NA,NA,NA,NA
1976-09-17,8.97,1.2,NA,NA,NA,NA,NA,NA
1976-09-24,8.97,1.2,NA,NA,NA,NA,NA,NA
1976-10-01,8.9,1.2,NA,NA,NA,NA,NA,NA
1976-10-08,8.95,1.2,NA,NA,NA,NA,NA,NA
1976-10-15,8.95,1.2,NA,NA,NA,NA,NA,NA
1976-10-22,8.95,1.1,NA,NA,NA,NA,NA,NA
1976-10-29,8.9,1.1,NA,NA,NA,NA,NA,NA
1976-11-05,8.85,1.3,NA,NA,NA,NA,NA,NA
1976-11-12,8.8,1.3,NA,NA,NA,NA,NA,NA
1976-11-19,8.8,1.3,NA,NA,NA,NA,NA,NA
1976-11-26,8.8,1.3,NA,NA,NA,NA,NA,NA
1976-12-03,8.8,1.3,NA,NA,NA,NA,NA,NA
1976-12-10,8.8,1.2,NA,NA,NA,NA,NA,NA
1976-12-17,8.8,1.2,NA,NA,NA,NA,NA,NA
1976-12-24,8.78,1.2,NA,NA,NA,NA,NA,NA
1976-12-31,8.78,1.2,NA,NA,NA,NA,NA,NA
1977-01-07,8.7,1.1,NA,NA,NA,NA,NA,NA
1977-01-14,8.73,1.1,NA,NA,NA,NA,NA,NA
1977-01-21,8.73,1.1,NA,NA,NA,NA,NA,NA
1977-01-28,8.73,1.1,NA,NA,NA,NA,NA,NA
1977-02-04,8.68,1.1,NA,NA,NA,NA,NA,NA
1977-02-11,8.7,1.1,NA,NA,NA,NA,NA,NA
1977-02-18,8.65,1.2,NA,NA,NA,NA,NA,NA
1977-02-25,8.65,1.1,NA,NA,NA,NA,NA,NA
1977-03-04,8.65,1.2,NA,NA,NA,NA,NA,NA
1977-03-11,8.7,1.2,NA,NA,NA,NA,NA,NA
1977-03-18,8.7,1.2,NA,NA,NA,NA,NA,NA
1977-03-25,8.7,1.2,NA,NA,NA,NA,NA,NA
1977-04-01,8.7,1.1,NA,NA,NA,NA,NA,NA
1977-04-08,8.75,1.2,NA,NA,NA,NA,NA,NA
1977-04-15,8.75,1.1,NA,NA,NA,NA,NA,NA
1977-04-22,8.78,1.1,NA,NA,NA,NA,NA,NA
1977-04-29,8.78,1.1,NA,NA,NA,NA,NA,NA
1977-05-06,8.78,1.2,NA,NA,NA,NA,NA,NA
1977-05-13,8.83,1.1,NA,NA,NA,NA,NA,NA
1977-05-20,8.85,1.1,NA,NA,NA,NA,NA,NA
1977-05-27,8.85,1.1,NA,NA,NA,NA,NA,NA
1977-06-03,8.85,1.1,NA,NA,NA,NA,NA,NA
1977-06-10,8.85,1.1,NA,NA,NA,NA,NA,NA
1977-06-17,8.85,1.1,NA,NA,NA,NA,NA,NA
1977-06-24,8.88,1.1,NA,NA,NA,NA,NA,NA
1977-07-01,8.95,1.1,NA,NA,NA,NA,NA,NA
1977-07-08,8.93,1.1,NA,NA,NA,NA,NA,NA
1977-07-15,8.95,1.1,NA,NA,NA,NA,NA,NA
1977-07-22,8.95,1.1,NA,NA,NA,NA,NA,NA
1977-07-29,8.93,1.1,NA,NA,NA,NA,NA,NA
1977-08-05,8.95,1.1,NA,NA,NA,NA,NA,NA
1977-08-12,8.95,1.1,NA,NA,NA,NA,NA,NA
1977-08-19,8.93,1.1,NA,NA,NA,NA,NA,NA
1977-08-26,8.93,1.1,NA,NA,NA,NA,NA,NA
1977-09-02,8.88,1.1,NA,NA,NA,NA,NA,NA
1977-09-09,8.9,1.1,NA,NA,NA,NA,NA,NA
1977-09-16,8.9,1.1,NA,NA,NA,NA,NA,NA
1977-09-23,8.9,1.1,NA,NA,NA,NA,NA,NA
1977-09-30,8.9,1.2,NA,NA,NA,NA,NA,NA
1977-10-07,8.93,1.2,NA,NA,NA,NA,NA,NA
1977-10-14,8.93,1.2,NA,NA,NA,NA,NA,NA
1977-10-21,8.93,1.2,NA,NA,NA,NA,NA,NA
1977-10-28,8.9,1.1,NA,NA,NA,NA,NA,NA
1977-11-04,8.9,1.1,NA,NA,NA,NA,NA,NA
1977-11-11,8.93,1.1,NA,NA,NA,NA,NA,NA
1977-11-18,8.93,1.1,NA,NA,NA,NA,NA,NA
1977-11-25,8.93,1.2,NA,NA,NA,NA,NA,NA
1977-12-02,8.95,1.1,NA,NA,NA,NA,NA,NA
1977-12-09,8.95,1.2,NA,NA,NA,NA,NA,NA
1977-12-16,8.95,1.3,NA,NA,NA,NA,NA,NA
1977-12-23,8.95,1.3,NA,NA,NA,NA,NA,NA
1977-12-30,9,1.2,NA,NA,NA,NA,NA,NA
1978-01-06,9,1.3,NA,NA,NA,NA,NA,NA
1978-01-13,9.03,1.2,NA,NA,NA,NA,NA,NA
1978-01-20,8.98,1.3,NA,NA,NA,NA,NA,NA
1978-01-27,9.05,1.3,NA,NA,NA,NA,NA,NA
1978-02-03,9.13,1.3,NA,NA,NA,NA,NA,NA
1978-02-10,9.15,1.3,NA,NA,NA,NA,NA,NA
1978-02-17,9.15,1.3,NA,NA,NA,NA,NA,NA
1978-02-24,9.15,1.3,NA,NA,NA,NA,NA,NA
1978-03-03,9.15,1.3,NA,NA,NA,NA,NA,NA
1978-03-10,9.15,1.3,NA,NA,NA,NA,NA,NA
1978-03-17,9.23,1.3,NA,NA,NA,NA,NA,NA
1978-03-24,9.23,1.3,NA,NA,NA,NA,NA,NA
1978-03-31,9.25,1.3,NA,NA,NA,NA,NA,NA
1978-04-07,9.28,1.3,NA,NA,NA,NA,NA,NA
1978-04-14,9.33,1.3,NA,NA,NA,NA,NA,NA
1978-04-21,9.38,1.2,NA,NA,NA,NA,NA,NA
1978-04-28,9.43,1.2,NA,NA,NA,NA,NA,NA
1978-05-05,9.48,1.2,NA,NA,NA,NA,NA,NA
1978-05-12,9.55,1.4,NA,NA,NA,NA,NA,NA
1978-05-19,9.58,1.3,NA,NA,NA,NA,NA,NA
1978-05-26,9.68,1.4,NA,NA,NA,NA,NA,NA
1978-06-02,9.68,1.4,NA,NA,NA,NA,NA,NA
1978-06-09,9.7,1.4,NA,NA,NA,NA,NA,NA
1978-06-16,9.73,1.4,NA,NA,NA,NA,NA,NA
1978-06-23,9.7,1.4,NA,NA,NA,NA,NA,NA
1978-06-30,9.73,1.4,NA,NA,NA,NA,NA,NA
1978-07-07,9.73,1.5,NA,NA,NA,NA,NA,NA
1978-07-14,9.73,1.5,NA,NA,NA,NA,NA,NA
1978-07-21,9.75,1.3,NA,NA,NA,NA,NA,NA
1978-07-28,9.75,1.3,NA,NA,NA,NA,NA,NA
1978-08-04,9.78,1.3,NA,NA,NA,NA,NA,NA
1978-08-11,9.78,1.3,NA,NA,NA,NA,NA,NA
1978-08-18,9.78,1.3,NA,NA,NA,NA,NA,NA
1978-08-25,9.8,1.3,NA,NA,NA,NA,NA,NA
1978-09-01,9.75,1.31,NA,NA,NA,NA,NA,NA
1978-09-08,9.75,1.3,NA,NA,NA,NA,NA,NA
1978-09-15,9.75,1.3,NA,NA,NA,NA,NA,NA
1978-09-22,9.75,1.4,NA,NA,NA,NA,NA,NA
1978-09-29,9.78,1.4,NA,NA,NA,NA,NA,NA
1978-10-06,9.85,1.2,NA,NA,NA,NA,NA,NA
1978-10-13,9.85,1.2,NA,NA,NA,NA,NA,NA
1978-10-20,9.85,1.2,NA,NA,NA,NA,NA,NA
1978-10-27,9.88,1.2,NA,NA,NA,NA,NA,NA
1978-11-03,9.9,1.2,NA,NA,NA,NA,NA,NA
1978-11-10,10.05,1.2,NA,NA,NA,NA,NA,NA
1978-11-17,10.2,1.2,NA,NA,NA,NA,NA,NA
1978-11-24,10.28,1.3,NA,NA,NA,NA,NA,NA
1978-12-01,10.3,1.4,NA,NA,NA,NA,NA,NA
1978-12-08,10.35,1.4,NA,NA,NA,NA,NA,NA
1978-12-15,10.35,1.4,NA,NA,NA,NA,NA,NA
1978-12-22,10.35,1.4,NA,NA,NA,NA,NA,NA
1978-12-29,10.38,1.4,NA,NA,NA,NA,NA,NA
1979-01-05,10.38,1.5,NA,NA,NA,NA,NA,NA
1979-01-12,10.38,1.5,NA,NA,NA,NA,NA,NA
1979-01-19,10.4,1.5,NA,NA,NA,NA,NA,NA
1979-01-26,10.4,1.5,NA,NA,NA,NA,NA,NA
1979-02-02,10.4,1.5,NA,NA,NA,NA,NA,NA
1979-02-09,10.43,1.5,NA,NA,NA,NA,NA,NA
1979-02-16,10.4,1.5,NA,NA,NA,NA,NA,NA
1979-02-23,10.4,1.5,NA,NA,NA,NA,NA,NA
1979-03-02,10.43,1.5,NA,NA,NA,NA,NA,NA
1979-03-09,10.4,1.5,NA,NA,NA,NA,NA,NA
1979-03-16,10.4,1.5,NA,NA,NA,NA,NA,NA
1979-03-23,10.45,1.6,NA,NA,NA,NA,NA,NA
1979-03-30,10.45,1.6,NA,NA,NA,NA,NA,NA
1979-04-06,10.48,1.6,NA,NA,NA,NA,NA,NA
1979-04-13,10.48,1.6,NA,NA,NA,NA,NA,NA
1979-04-20,10.5,1.2,NA,NA,NA,NA,NA,NA
1979-04-27,10.53,1.6,NA,NA,NA,NA,NA,NA
1979-05-04,10.6,1.6,NA,NA,NA,NA,NA,NA
1979-05-11,10.68,1.6,NA,NA,NA,NA,NA,NA
1979-05-18,10.73,1.6,NA,NA,NA,NA,NA,NA
1979-05-25,10.75,1.6,NA,NA,NA,NA,NA,NA
1979-06-01,10.9,1.6,NA,NA,NA,NA,NA,NA
1979-06-08,11.03,1.6,NA,NA,NA,NA,NA,NA
1979-06-15,11.05,1.6,NA,NA,NA,NA,NA,NA
1979-06-22,11.1,1.7,NA,NA,NA,NA,NA,NA
1979-06-29,11.1,1.6,NA,NA,NA,NA,NA,NA
1979-07-06,11.13,1.7,NA,NA,NA,NA,NA,NA
1979-07-13,11.08,1.7,NA,NA,NA,NA,NA,NA
1979-07-20,11.08,1.6,NA,NA,NA,NA,NA,NA
1979-07-27,11.08,1.6,NA,NA,NA,NA,NA,NA
1979-08-03,11.08,1.6,NA,NA,NA,NA,NA,NA
1979-08-10,11.08,1.6,NA,NA,NA,NA,NA,NA
1979-08-17,11.08,1.7,NA,NA,NA,NA,NA,NA
1979-08-24,11.1,1.7,NA,NA,NA,NA,NA,NA
1979-08-31,11.13,1.7,NA,NA,NA,NA,NA,NA
1979-09-07,11.2,1.7,NA,NA,NA,NA,NA,NA
1979-09-14,11.3,1.6,NA,NA,NA,NA,NA,NA
1979-09-21,11.35,1.6,NA,NA,NA,NA,NA,NA
1979-09-28,11.35,1.6,NA,NA,NA,NA,NA,NA
1979-10-05,11.35,1.6,NA,NA,NA,NA,NA,NA
1979-10-12,11.45,1.6,NA,NA,NA,NA,NA,NA
1979-10-19,11.75,1.7,NA,NA,NA,NA,NA,NA
1979-10-26,12,1.7,NA,NA,NA,NA,NA,NA
1979-11-02,12.8,1.7,NA,NA,NA,NA,NA,NA
1979-11-09,12.85,1.7,NA,NA,NA,NA,NA,NA
1979-11-16,12.8,1.7,NA,NA,NA,NA,NA,NA
1979-11-23,12.8,1.7,NA,NA,NA,NA,NA,NA
1979-11-30,12.9,1.6,NA,NA,NA,NA,NA,NA
1979-12-07,12.9,1.6,NA,NA,NA,NA,NA,NA
1979-12-14,12.9,1.6,NA,NA,NA,NA,NA,NA
1979-12-21,12.9,1.6,NA,NA,NA,NA,NA,NA
1979-12-28,12.9,1.6,NA,NA,NA,NA,NA,NA
1980-01-04,12.85,1.6,NA,NA,NA,NA,NA,NA
1980-01-11,12.9,1.6,NA,NA,NA,NA,NA,NA
1980-01-18,12.87,1.6,NA,NA,NA,NA,NA,NA
1980-01-25,12.89,1.6,NA,NA,NA,NA,NA,NA
1980-02-01,12.85,1.6,NA,NA,NA,NA,NA,NA
1980-02-08,12.85,1.6,NA,NA,NA,NA,NA,NA
1980-02-15,12.875,1.6,NA,NA,NA,NA,NA,NA
1980-02-22,13.025,1.6,NA,NA,NA,NA,NA,NA
1980-02-29,13.59,1.8,NA,NA,NA,NA,NA,NA
1980-03-07,14,1.9,NA,NA,NA,NA,NA,NA
1980-03-14,15.4,1.9,NA,NA,NA,NA,NA,NA
1980-03-21,15.7,2,NA,NA,NA,NA,NA,NA
1980-03-28,16.025,2.1,NA,NA,NA,NA,NA,NA
1980-04-04,16.35,2,NA,NA,NA,NA,NA,NA
1980-04-11,16.35,1.9,NA,NA,NA,NA,NA,NA
1980-04-18,16.35,1.9,NA,NA,NA,NA,NA,NA
1980-04-25,16.25,1.9,NA,NA,NA,NA,NA,NA
1980-05-02,15.9,1.9,NA,NA,NA,NA,NA,NA
1980-05-09,14.675,1.8,NA,NA,NA,NA,NA,NA
1980-05-16,14.15,1.8,NA,NA,NA,NA,NA,NA
1980-05-23,13.375,1.9,NA,NA,NA,NA,NA,NA
1980-05-30,13.2,1.9,NA,NA,NA,NA,NA,NA
1980-06-06,13.06,1.8,NA,NA,NA,NA,NA,NA
1980-06-13,12.85,1.8,NA,NA,NA,NA,NA,NA
1980-06-20,12.575,1.9,NA,NA,NA,NA,NA,NA
1980-06-27,12.35,1.7,NA,NA,NA,NA,NA,NA
1980-07-04,12.175,1.7,NA,NA,NA,NA,NA,NA
1980-07-11,12.225,1.7,NA,NA,NA,NA,NA,NA
1980-07-18,12.175,1.8,NA,NA,NA,NA,NA,NA
1980-07-25,12.175,1.8,NA,NA,NA,NA,NA,NA
1980-08-01,12.25,1.8,NA,NA,NA,NA,NA,NA
1980-08-08,12.25,1.8,NA,NA,NA,NA,NA,NA
1980-08-15,12.55,1.7,NA,NA,NA,NA,NA,NA
1980-08-22,12.8,1.7,NA,NA,NA,NA,NA,NA
1980-08-29,12.95,1.7,NA,NA,NA,NA,NA,NA
1980-09-05,13.025,1.7,NA,NA,NA,NA,NA,NA
1980-09-12,13.075,1.8,NA,NA,NA,NA,NA,NA
1980-09-19,13.25,1.7,NA,NA,NA,NA,NA,NA
1980-09-26,13.425,1.7,NA,NA,NA,NA,NA,NA
1980-10-03,13.6,1.8,NA,NA,NA,NA,NA,NA
1980-10-10,13.725,1.7,NA,NA,NA,NA,NA,NA
1980-10-17,13.775,1.8,NA,NA,NA,NA,NA,NA
1980-10-24,13.85,1.7,NA,NA,NA,NA,NA,NA
1980-10-31,14,1.7,NA,NA,NA,NA,NA,NA
1980-11-07,14.075,1.7,NA,NA,NA,NA,NA,NA
1980-11-14,14.175,1.7,NA,NA,NA,NA,NA,NA
1980-11-21,14.275,1.7,NA,NA,NA,NA,NA,NA
1980-11-28,14.275,1.7,NA,NA,NA,NA,NA,NA
1980-12-05,14.425,1.7,NA,NA,NA,NA,NA,NA
1980-12-12,14.825,1.7,NA,NA,NA,NA,NA,NA
1980-12-19,14.95,1.7,NA,NA,NA,NA,NA,NA
1980-12-26,14.95,1.7,NA,NA,NA,NA,NA,NA
1981-01-02,14.95,2,NA,NA,NA,NA,NA,NA
1981-01-09,14.8,2,NA,NA,NA,NA,NA,NA
1981-01-16,14.85,2,NA,NA,NA,NA,NA,NA
1981-01-23,14.85,2,NA,NA,NA,NA,NA,NA
1981-01-30,15.07,2,NA,NA,NA,NA,NA,NA
1981-02-06,15,2,NA,NA,NA,NA,NA,NA
1981-02-13,15.03,2,NA,NA,NA,NA,NA,NA
1981-02-20,15.2,2,NA,NA,NA,NA,NA,NA
1981-02-27,15.3,2,NA,NA,NA,NA,NA,NA
1981-03-06,15.4,2,NA,NA,NA,NA,NA,NA
1981-03-13,15.4,2.1,NA,NA,NA,NA,NA,NA
1981-03-20,15.4,2,NA,NA,NA,NA,NA,NA
1981-03-27,15.4,2,NA,NA,NA,NA,NA,NA
1981-04-03,15.4,2,NA,NA,NA,NA,NA,NA
1981-04-10,15.5,2,NA,NA,NA,NA,NA,NA
1981-04-17,15.65,2,NA,NA,NA,NA,NA,NA
1981-04-24,15.77,2.1,NA,NA,NA,NA,NA,NA
1981-05-01,15.82,1.9,NA,NA,NA,NA,NA,NA
1981-05-08,16.12,2.1,NA,NA,NA,NA,NA,NA
1981-05-15,16.64,2.1,NA,NA,NA,NA,NA,NA
1981-05-22,16.63,2.1,NA,NA,NA,NA,NA,NA
1981-05-29,16.8,2.1,NA,NA,NA,NA,NA,NA
1981-06-05,16.76,2.1,NA,NA,NA,NA,NA,NA
1981-06-12,16.69,2,NA,NA,NA,NA,NA,NA
1981-06-19,16.71,2.1,NA,NA,NA,NA,NA,NA
1981-06-26,16.62,2.1,NA,NA,NA,NA,NA,NA
1981-07-03,16.64,2.1,NA,NA,NA,NA,NA,NA
1981-07-10,16.79,2.2,NA,NA,NA,NA,NA,NA
1981-07-17,16.74,2.1,NA,NA,NA,NA,NA,NA
1981-07-24,16.88,2.1,NA,NA,NA,NA,NA,NA
1981-07-31,17.11,2.2,NA,NA,NA,NA,NA,NA
1981-08-07,17.13,2,NA,NA,NA,NA,NA,NA
1981-08-14,17.27,2.1,NA,NA,NA,NA,NA,NA
1981-08-21,17.26,2.1,NA,NA,NA,NA,NA,NA
1981-08-28,17.48,2.1,NA,NA,NA,NA,NA,NA
1981-09-04,17.79,2,NA,NA,NA,NA,NA,NA
1981-09-11,18.22,2.1,NA,NA,NA,NA,NA,NA
1981-09-18,18.27,2.2,NA,NA,NA,NA,NA,NA
1981-09-25,18.36,2.2,NA,NA,NA,NA,NA,NA
1981-10-02,18.28,2.4,NA,NA,NA,NA,NA,NA
1981-10-09,18.63,2.2,NA,NA,NA,NA,NA,NA
1981-10-16,18.53,2.3,NA,NA,NA,NA,NA,NA
1981-10-21,18.39,2.2,NA,NA,NA,NA,NA,NA
1981-10-30,18.44,2.3,NA,NA,NA,NA,NA,NA
1981-11-06,18.37,2.1,NA,NA,NA,NA,NA,NA
1981-11-13,18.02,2.1,NA,NA,NA,NA,NA,NA
1981-11-20,17.7,2.2,NA,NA,NA,NA,NA,NA
1981-11-27,17.21,2.1,NA,NA,NA,NA,NA,NA
1981-12-04,16.9,2.1,NA,NA,NA,NA,NA,NA
1981-12-11,16.94,2.1,NA,NA,NA,NA,NA,NA
1981-12-18,16.9,2,NA,NA,NA,NA,NA,NA
1981-12-25,16.95,2,NA,NA,NA,NA,NA,NA
1981-12-31,17.04,2.1,NA,NA,NA,NA,NA,NA
1982-01-08,17.3,2.1,NA,NA,NA,NA,NA,NA
1982-01-15,17.44,2.2,NA,NA,NA,NA,NA,NA
1982-01-22,17.61,2.2,NA,NA,NA,NA,NA,NA
1982-01-29,17.59,2.2,NA,NA,NA,NA,NA,NA
1982-02-05,17.56,2.2,NA,NA,NA,NA,NA,NA
1982-02-12,17.65,2.2,NA,NA,NA,NA,NA,NA
1982-02-19,17.66,2.3,NA,NA,NA,NA,NA,NA
1982-02-26,17.52,2.2,NA,NA,NA,NA,NA,NA
1982-03-05,17.29,2.2,NA,NA,NA,NA,NA,NA
1982-03-12,17.19,2.3,NA,NA,NA,NA,NA,NA
1982-03-19,17.12,2.2,NA,NA,NA,NA,NA,NA
1982-03-26,17.04,2.2,NA,NA,NA,NA,NA,NA
1982-04-02,16.95,2.2,NA,NA,NA,NA,NA,NA
1982-04-09,16.91,2.3,NA,NA,NA,NA,NA,NA
1982-04-16,16.93,2.3,NA,NA,NA,NA,NA,NA
1982-04-23,16.86,2.3,NA,NA,NA,NA,NA,NA
1982-04-30,16.81,2.4,NA,NA,NA,NA,NA,NA
1982-05-07,16.78,2.3,NA,NA,NA,NA,NA,NA
1982-05-14,16.63,2.4,NA,NA,NA,NA,NA,NA
1982-05-21,16.67,2.3,NA,NA,NA,NA,NA,NA
1982-05-28,16.63,2.3,NA,NA,NA,NA,NA,NA
1982-06-04,16.65,2.2,NA,NA,NA,NA,NA,NA
1982-06-11,16.7,2.2,NA,NA,NA,NA,NA,NA
1982-06-18,16.71,2.1,NA,NA,NA,NA,NA,NA
1982-06-25,16.73,2.3,NA,NA,NA,NA,NA,NA
1982-07-02,16.87,2.3,NA,NA,NA,NA,NA,NA
1982-07-09,16.93,2.3,NA,NA,NA,NA,NA,NA
1982-07-16,16.88,2.2,NA,NA,NA,NA,NA,NA
1982-07-23,16.75,2.2,NA,NA,NA,NA,NA,NA
1982-07-30,16.65,2.2,NA,NA,NA,NA,NA,NA
1982-08-06,16.55,2.2,NA,NA,NA,NA,NA,NA
1982-08-13,16.44,2.2,NA,NA,NA,NA,NA,NA
1982-08-20,16.21,2.3,NA,NA,NA,NA,NA,NA
1982-08-27,15.88,2.3,NA,NA,NA,NA,NA,NA
1982-09-03,15.59,2.2,NA,NA,NA,NA,NA,NA
1982-09-10,15.56,2.3,NA,NA,NA,NA,NA,NA
1982-09-17,15.38,2.3,NA,NA,NA,NA,NA,NA
1982-09-24,15.19,2.2,NA,NA,NA,NA,NA,NA
1982-10-01,15.13,2.3,NA,NA,NA,NA,NA,NA
1982-10-08,14.96,2.2,NA,NA,NA,NA,NA,NA
1982-10-15,14.6,2.2,NA,NA,NA,NA,NA,NA
1982-10-22,14.2,2.2,NA,NA,NA,NA,NA,NA
1982-10-29,14.15,2.2,NA,NA,NA,NA,NA,NA
1982-11-05,13.91,2.2,NA,NA,NA,NA,NA,NA
1982-11-12,13.84,2.3,NA,NA,NA,NA,NA,NA
1982-11-19,13.78,2.1,NA,NA,NA,NA,NA,NA
1982-11-26,13.77,2.1,NA,NA,NA,NA,NA,NA
1982-12-03,13.66,2.2,NA,NA,NA,NA,NA,NA
1982-12-10,13.66,2.2,NA,NA,NA,NA,NA,NA
1982-12-17,13.63,2.2,NA,NA,NA,NA,NA,NA
1982-12-24,13.6,2.1,NA,NA,NA,NA,NA,NA
1982-12-31,13.57,2.3,NA,NA,NA,NA,NA,NA
1983-01-07,13.46,2.2,NA,NA,NA,NA,NA,NA
1983-01-14,13.31,2.2,NA,NA,NA,NA,NA,NA
1983-01-21,13.12,2.2,NA,NA,NA,NA,NA,NA
1983-01-28,13.1,2,NA,NA,NA,NA,NA,NA
1983-02-04,13.06,2,NA,NA,NA,NA,NA,NA
1983-02-11,13.06,1.9,NA,NA,NA,NA,NA,NA
1983-02-18,13.07,2,NA,NA,NA,NA,NA,NA
1983-02-25,12.98,1.9,NA,NA,NA,NA,NA,NA
1983-03-04,12.74,2.1,NA,NA,NA,NA,NA,NA
1983-03-11,12.79,2.1,NA,NA,NA,NA,NA,NA
1983-03-18,12.81,2.2,NA,NA,NA,NA,NA,NA
1983-03-25,12.86,2.2,NA,NA,NA,NA,NA,NA
1983-04-01,12.82,2.2,NA,NA,NA,NA,NA,NA
1983-04-08,12.82,2.2,NA,NA,NA,NA,NA,NA
1983-04-15,12.79,2.2,NA,NA,NA,NA,NA,NA
1983-04-22,12.75,2,NA,NA,NA,NA,NA,NA
1983-04-29,12.73,2.1,NA,NA,NA,NA,NA,NA
1983-05-06,12.71,2.1,NA,NA,NA,NA,NA,NA
1983-05-13,12.59,2.1,NA,NA,NA,NA,NA,NA
1983-05-20,12.55,2.1,NA,NA,NA,NA,NA,NA
1983-05-27,12.68,2.1,NA,NA,NA,NA,NA,NA
1983-06-03,12.74,2.2,NA,NA,NA,NA,NA,NA
1983-06-10,12.82,2,NA,NA,NA,NA,NA,NA
1983-06-17,12.96,2.1,NA,NA,NA,NA,NA,NA
1983-06-24,12.96,2.1,NA,NA,NA,NA,NA,NA
1983-07-01,13.08,2.1,NA,NA,NA,NA,NA,NA
1983-07-08,13.3,2.1,NA,NA,NA,NA,NA,NA
1983-07-15,13.5,2.2,NA,NA,NA,NA,NA,NA
1983-07-22,13.58,2.2,NA,NA,NA,NA,NA,NA
1983-07-29,13.65,2.2,NA,NA,NA,NA,NA,NA
1983-08-05,13.73,2.2,NA,NA,NA,NA,NA,NA
1983-08-12,13.84,2.2,NA,NA,NA,NA,NA,NA
1983-08-19,13.89,2.2,NA,NA,NA,NA,NA,NA
1983-08-26,13.78,2.2,NA,NA,NA,NA,NA,NA
1983-09-02,13.77,2.2,NA,NA,NA,NA,NA,NA
1983-09-09,13.77,2.2,NA,NA,NA,NA,NA,NA
1983-09-16,13.72,2.2,NA,NA,NA,NA,NA,NA
1983-09-23,13.72,2.2,NA,NA,NA,NA,NA,NA
1983-09-30,13.65,2.2,NA,NA,NA,NA,NA,NA
1983-10-07,13.59,2.2,NA,NA,NA,NA,NA,NA
1983-10-14,13.6,2.2,NA,NA,NA,NA,NA,NA
1983-10-21,13.52,2.1,NA,NA,NA,NA,NA,NA
1983-10-28,13.43,2,NA,NA,NA,NA,NA,NA
1983-11-04,13.42,2.1,NA,NA,NA,NA,NA,NA
1983-11-11,13.47,2.1,NA,NA,NA,NA,NA,NA
1983-11-18,13.42,2.2,NA,NA,NA,NA,NA,NA
1983-11-25,13.43,2.1,NA,NA,NA,NA,NA,NA
1983-12-02,13.41,2.1,NA,NA,NA,NA,NA,NA
1983-12-09,13.38,2.2,NA,NA,NA,NA,NA,NA
1983-12-16,13.42,2.1,NA,NA,NA,NA,NA,NA
1983-12-23,13.46,2.2,NA,NA,NA,NA,NA,NA
1983-12-30,13.43,2.2,NA,NA,NA,NA,NA,NA
1984-01-06,13.43,2.3,NA,NA,NA,NA,NA,NA
1984-01-13,13.4,2.3,NA,NA,NA,NA,NA,NA
1984-01-20,13.35,2.3,NA,NA,NA,NA,NA,NA
1984-01-27,13.29,2.3,NA,NA,NA,NA,NA,NA
1984-02-03,13.26,2.5,NA,NA,NA,NA,NA,NA
1984-02-10,13.23,2.4,NA,NA,NA,NA,NA,NA
1984-02-17,13.19,2.4,NA,NA,NA,NA,NA,NA
1984-02-24,13.25,2.4,NA,NA,NA,NA,NA,NA
1984-03-02,13.23,2.4,NA,NA,NA,NA,NA,NA
1984-03-09,13.3,2.4,NA,NA,NA,NA,NA,NA
1984-03-16,13.37,2.4,NA,NA,NA,NA,NA,NA
1984-03-23,13.48,2.4,NA,NA,NA,NA,NA,NA
1984-03-30,13.55,2.4,NA,NA,NA,NA,NA,NA
1984-04-06,13.63,2.4,NA,NA,NA,NA,NA,NA
1984-04-13,13.58,2.4,NA,NA,NA,NA,NA,NA
1984-04-20,13.67,2.5,NA,NA,NA,NA,NA,NA
1984-04-27,13.73,2.4,NA,NA,NA,NA,NA,NA
1984-05-04,13.78,2.4,NA,NA,NA,NA,NA,NA
1984-05-25,13.87,2.5,NA,NA,NA,NA,NA,NA
1984-05-18,14.04,2.5,NA,NA,NA,NA,NA,NA
1984-05-25,14.08,2.5,NA,NA,NA,NA,NA,NA
1984-06-01,14.29,2.4,NA,NA,NA,NA,NA,NA
1984-06-08,14.33,2.5,NA,NA,NA,NA,NA,NA
1984-06-15,14.47,2.5,NA,NA,NA,NA,NA,NA
1984-06-22,14.49,2.5,NA,NA,NA,NA,NA,NA
1984-06-29,14.5,2.5,NA,NA,NA,NA,NA,NA
1984-07-06,14.66,2.4,NA,NA,NA,NA,NA,NA
1984-07-13,14.68,2.6,NA,NA,NA,NA,NA,NA
1984-07-20,14.66,2.6,NA,NA,NA,NA,NA,NA
1984-07-27,14.67,2.7,NA,NA,NA,NA,NA,NA
1984-08-03,14.68,2.6,NA,NA,NA,NA,NA,NA
1984-08-10,14.54,2.6,NA,NA,NA,NA,NA,NA
1984-08-17,14.39,2.6,NA,NA,NA,NA,NA,NA
1984-08-24,14.36,2.6,NA,NA,NA,NA,NA,NA
1984-08-31,14.38,2.6,NA,NA,NA,NA,NA,NA
1984-09-07,14.42,2.6,NA,NA,NA,NA,NA,NA
1984-09-14,14.43,2.5,NA,NA,NA,NA,NA,NA
1984-09-21,14.29,2.7,NA,NA,NA,NA,NA,NA
1984-09-28,14.26,2.5,NA,NA,NA,NA,NA,NA
1984-10-05,14.18,2.6,NA,NA,NA,NA,NA,NA
1984-10-12,14.19,2.6,NA,NA,NA,NA,NA,NA
1984-10-19,14.1,2.6,NA,NA,NA,NA,NA,NA
1984-10-26,14.05,2.6,NA,NA,NA,NA,NA,NA
1984-11-02,13.85,2.5,NA,NA,NA,NA,NA,NA
1984-11-09,13.74,2.5,NA,NA,NA,NA,NA,NA
1984-11-16,13.63,2.5,NA,NA,NA,NA,NA,NA
1984-11-23,13.55,2.5,NA,NA,NA,NA,NA,NA
1984-11-30,13.42,2.4,NA,NA,NA,NA,NA,NA
1984-12-07,13.2,2.6,NA,NA,NA,NA,NA,NA
1984-12-14,13.2,2.5,NA,NA,NA,NA,NA,NA
1984-12-21,13.18,2.5,NA,NA,NA,NA,NA,NA
1984-12-28,13.14,2.5,NA,NA,NA,NA,NA,NA
1985-01-04,13.1,2.5,NA,NA,NA,NA,NA,NA
1985-01-11,13.12,2.5,NA,NA,NA,NA,NA,NA
1985-01-18,13.12,2.5,NA,NA,NA,NA,NA,NA
1985-01-25,12.96,2.5,NA,NA,NA,NA,NA,NA
1985-02-01,12.93,2.4,NA,NA,NA,NA,NA,NA
1985-02-08,12.91,2.4,NA,NA,NA,NA,NA,NA
1985-02-15,12.9,2.5,NA,NA,NA,NA,NA,NA
1985-02-22,12.94,2.4,NA,NA,NA,NA,NA,NA
1985-03-01,13.02,2.5,NA,NA,NA,NA,NA,NA
1985-03-08,13.1,2.6,NA,NA,NA,NA,NA,NA
1985-03-15,13.2,2.6,NA,NA,NA,NA,NA,NA
1985-03-22,13.24,2.7,NA,NA,NA,NA,NA,NA
1985-03-29,13.29,2.7,NA,NA,NA,NA,NA,NA
1985-04-05,13.27,2.7,NA,NA,NA,NA,NA,NA
1985-04-12,13.23,2.6,NA,NA,NA,NA,NA,NA
1985-04-19,13.16,2.6,NA,NA,NA,NA,NA,NA
1985-04-26,13.12,2.5,NA,NA,NA,NA,NA,NA
1985-05-03,13.07,2.6,NA,NA,NA,NA,NA,NA
1985-05-10,13.02,2.6,NA,NA,NA,NA,NA,NA
1985-05-17,12.94,2.5,NA,NA,NA,NA,NA,NA
1985-05-24,12.83,2.5,NA,NA,NA,NA,NA,NA
1985-05-31,12.71,2.5,NA,NA,NA,NA,NA,NA
1985-06-07,12.39,2.5,NA,NA,NA,NA,NA,NA
1985-06-14,12.27,2.5,NA,NA,NA,NA,NA,NA
1985-06-21,12.05,2.6,NA,NA,NA,NA,NA,NA
1985-06-28,12.15,2.5,NA,NA,NA,NA,NA,NA
1985-07-05,12.13,2.6,NA,NA,NA,NA,NA,NA
1985-07-12,12.03,2.5,NA,NA,NA,NA,NA,NA
1985-07-19,11.94,2.4,NA,NA,NA,NA,NA,NA
1985-07-26,12.03,2.6,NA,NA,NA,NA,NA,NA
1985-08-02,12.17,2.6,NA,NA,NA,NA,NA,NA
1985-08-09,12.23,2.6,NA,NA,NA,NA,NA,NA
1985-08-16,12.24,2.7,NA,NA,NA,NA,NA,NA
1985-08-23,12.18,2.5,NA,NA,NA,NA,NA,NA
1985-08-30,12.11,2.7,NA,NA,NA,NA,NA,NA
1985-09-06,12.15,2.5,NA,NA,NA,NA,NA,NA
1985-09-13,12.24,2.5,NA,NA,NA,NA,NA,NA
1985-09-20,12.21,2.5,NA,NA,NA,NA,NA,NA
1985-09-27,12.17,2.7,NA,NA,NA,NA,NA,NA
1985-10-04,12.17,2.6,NA,NA,NA,NA,NA,NA
1985-10-11,12.17,2.5,NA,NA,NA,NA,NA,NA
1985-10-18,12.13,2.5,NA,NA,NA,NA,NA,NA
1985-10-25,12.07,2.4,NA,NA,NA,NA,NA,NA
1985-11-01,12.01,2.4,NA,NA,NA,NA,NA,NA
1985-11-08,11.9,2.4,NA,NA,NA,NA,NA,NA
1985-11-15,11.79,2.4,NA,NA,NA,NA,NA,NA
1985-11-22,11.64,2.3,NA,NA,NA,NA,NA,NA
1985-11-29,11.58,2.3,NA,NA,NA,NA,NA,NA
1985-12-06,11.5,2.4,NA,NA,NA,NA,NA,NA
1985-12-13,11.31,2.3,NA,NA,NA,NA,NA,NA
1985-12-20,11.14,2.3,NA,NA,NA,NA,NA,NA
1985-12-27,11.09,2.2,NA,NA,NA,NA,NA,NA
1986-01-03,10.81,2.3,NA,NA,NA,NA,NA,NA
1986-01-10,10.77,2.3,NA,NA,NA,NA,NA,NA
1986-01-17,10.99,2.4,NA,NA,NA,NA,NA,NA
1986-01-24,10.97,2.3,NA,NA,NA,NA,NA,NA
1986-01-31,10.89,2.4,NA,NA,NA,NA,NA,NA
1986-02-07,10.85,2.3,NA,NA,NA,NA,NA,NA
1986-02-14,10.8,2.4,NA,NA,NA,NA,NA,NA
1986-02-21,10.68,2.3,NA,NA,NA,NA,NA,NA
1986-02-28,10.51,2.2,NA,NA,NA,NA,NA,NA
1986-03-07,10.2,2.3,NA,NA,NA,NA,NA,NA
1986-03-14,10.01,2.3,NA,NA,NA,NA,NA,NA
1986-03-21,10.01,2.3,NA,NA,NA,NA,NA,NA
1986-03-28,10.1,2.3,NA,NA,NA,NA,NA,NA
1986-04-04,9.99,2.3,NA,NA,NA,NA,NA,NA
1986-04-11,9.98,2.3,NA,NA,NA,NA,NA,NA
1986-04-18,9.92,2.1,NA,NA,NA,NA,NA,NA
1986-04-25,9.86,2.2,NA,NA,NA,NA,NA,NA
1986-05-02,9.9,2.2,NA,NA,NA,NA,NA,NA
1986-05-09,10,2.2,NA,NA,NA,NA,NA,NA
1986-05-16,10.08,2.3,NA,NA,NA,NA,NA,NA
1986-05-23,10.36,2.4,NA,NA,NA,NA,NA,NA
1986-05-30,10.38,2.3,NA,NA,NA,NA,NA,NA
1986-06-06,10.74,2.3,NA,NA,NA,NA,NA,NA
1986-06-13,10.76,2.3,NA,NA,NA,NA,NA,NA
1986-06-20,10.61,2.2,NA,NA,NA,NA,NA,NA
1986-06-27,10.62,2.2,NA,NA,NA,NA,NA,NA
1986-07-04,10.61,2.2,NA,NA,NA,NA,NA,NA
1986-07-11,10.59,2.2,NA,NA,NA,NA,NA,NA
1986-07-18,10.43,2.2,NA,NA,NA,NA,NA,NA
1986-07-25,10.4,2.2,NA,NA,NA,NA,NA,NA
1986-08-01,10.4,2.1,NA,NA,NA,NA,NA,NA
1986-08-08,10.4,2.2,NA,NA,NA,NA,NA,NA
1986-08-15,10.23,2.1,NA,NA,NA,NA,NA,NA
1986-08-22,10.04,2.1,NA,NA,NA,NA,NA,NA
1986-08-29,9.93,2.1,NA,NA,NA,NA,NA,NA
1986-09-05,9.9,2.2,NA,NA,NA,NA,NA,NA
1986-09-12,9.96,2.1,NA,NA,NA,NA,NA,NA
1986-09-19,10.07,2.1,NA,NA,NA,NA,NA,NA
1986-09-26,10.1,2.2,NA,NA,NA,NA,NA,NA
1986-10-03,10.08,2.1,NA,NA,NA,NA,NA,NA
1986-10-10,9.99,2.1,NA,NA,NA,NA,NA,NA
1986-10-17,9.96,2.1,NA,NA,NA,NA,NA,NA
1986-10-24,9.95,2.2,NA,NA,NA,NA,NA,NA
1986-10-31,9.89,2.1,NA,NA,NA,NA,NA,NA
1986-11-07,9.83,2.1,NA,NA,NA,NA,NA,NA
1986-11-14,9.81,2,NA,NA,NA,NA,NA,NA
1986-11-21,9.64,2,NA,NA,NA,NA,NA,NA
1986-11-28,9.5,2,NA,NA,NA,NA,NA,NA
1986-12-05,9.3,2,NA,NA,NA,NA,NA,NA
1986-12-12,9.35,2.1,NA,NA,NA,NA,NA,NA
1986-12-19,9.3,2.1,NA,NA,NA,NA,NA,NA
1986-12-26,9.29,2.1,NA,NA,NA,NA,NA,NA
1987-01-02,9.37,2.2,NA,NA,NA,NA,NA,NA
1987-01-09,9.32,2.2,NA,NA,NA,NA,NA,NA
1987-01-16,9.21,2.1,NA,NA,NA,NA,NA,NA
1987-01-23,9.04,2.2,NA,NA,NA,NA,NA,NA
1987-01-30,9.08,2.2,NA,NA,NA,NA,NA,NA
1987-02-06,9.06,2.1,NA,NA,NA,NA,NA,NA
1987-02-13,9.09,2.1,NA,NA,NA,NA,NA,NA
1987-02-20,9.11,2.1,NA,NA,NA,NA,NA,NA
1987-02-27,9.07,2.1,NA,NA,NA,NA,NA,NA
1987-03-06,9.03,2,NA,NA,NA,NA,NA,NA
1987-03-13,9.05,2.1,NA,NA,NA,NA,NA,NA
1987-03-20,9.03,2.1,NA,NA,NA,NA,NA,NA
1987-03-27,9.03,2,NA,NA,NA,NA,NA,NA
1987-04-03,9.26,2.2,NA,NA,NA,NA,NA,NA
1987-04-10,9.43,2.3,NA,NA,NA,NA,NA,NA
1987-04-17,10.27,2.3,NA,NA,NA,NA,NA,NA
1987-04-24,10.37,2.2,NA,NA,NA,NA,NA,NA
1987-05-01,10.47,2.2,NA,NA,NA,NA,NA,NA
1987-05-08,10.52,2.2,NA,NA,NA,NA,NA,NA
1987-05-15,10.48,2.3,NA,NA,NA,NA,NA,NA
1987-05-22,10.81,2.3,NA,NA,NA,NA,NA,NA
1987-05-29,10.7,2.3,NA,NA,NA,NA,NA,NA
1987-06-05,10.7,2.3,NA,NA,NA,NA,NA,NA
1987-06-12,10.66,2.2,NA,NA,NA,NA,NA,NA
1987-06-19,10.44,2.2,NA,NA,NA,NA,NA,NA
1987-06-26,10.35,2.2,NA,NA,NA,NA,NA,NA
1987-07-03,10.36,2.2,NA,NA,NA,NA,NA,NA
1987-07-10,10.3,2.2,NA,NA,NA,NA,NA,NA
1987-07-17,10.23,2.2,NA,NA,NA,NA,NA,NA
1987-07-24,10.23,2.1,NA,NA,NA,NA,NA,NA
1987-07-31,10.27,2.2,NA,NA,NA,NA,NA,NA
1987-08-07,10.35,2,NA,NA,NA,NA,NA,NA
1987-08-14,10.34,2,NA,NA,NA,NA,NA,NA
1987-08-21,10.3,2.2,NA,NA,NA,NA,NA,NA
1987-08-28,10.33,2.1,NA,NA,NA,NA,NA,NA
1987-09-04,10.63,2.2,NA,NA,NA,NA,NA,NA
1987-09-11,10.91,2.2,NA,NA,NA,NA,NA,NA
1987-09-18,10.99,2.3,NA,NA,NA,NA,NA,NA
1987-09-25,11.02,2.2,NA,NA,NA,NA,NA,NA
1987-10-02,11.18,2.3,NA,NA,NA,NA,NA,NA
1987-10-09,11.21,2.2,NA,NA,NA,NA,NA,NA
1987-10-16,11.58,2.3,NA,NA,NA,NA,NA,NA
1987-10-23,11.36,2.2,NA,NA,NA,NA,NA,NA
1987-10-30,10.97,2.2,NA,NA,NA,NA,NA,NA
1987-11-06,10.79,2.1,NA,NA,NA,NA,NA,NA
1987-11-13,10.66,2.1,NA,NA,NA,NA,NA,NA
1987-11-20,10.6,2,NA,NA,NA,NA,NA,NA
1987-11-27,10.55,2,NA,NA,NA,NA,NA,NA
1987-12-04,10.6,2.1,NA,NA,NA,NA,NA,NA
1987-12-11,10.66,2.2,NA,NA,NA,NA,NA,NA
1987-12-18,10.69,2.2,NA,NA,NA,NA,NA,NA
1987-12-25,10.64,2.2,NA,NA,NA,NA,NA,NA
1987-12-31,10.61,2,NA,NA,NA,NA,NA,NA
1988-01-08,10.5,2,NA,NA,NA,NA,NA,NA
1988-01-15,10.53,2,NA,NA,NA,NA,NA,NA
1988-01-22,10.34,2,NA,NA,NA,NA,NA,NA
1988-01-29,10.16,2,NA,NA,NA,NA,NA,NA
1988-02-05,9.94,2,NA,NA,NA,NA,NA,NA
1988-02-12,9.84,2.1,NA,NA,NA,NA,NA,NA
1988-02-19,9.92,2.1,NA,NA,NA,NA,NA,NA
1988-02-26,9.87,2.1,NA,NA,NA,NA,NA,NA
1988-03-04,9.85,2,NA,NA,NA,NA,NA,NA
1988-03-11,9.96,2,NA,NA,NA,NA,NA,NA
1988-03-18,9.92,2,NA,NA,NA,NA,NA,NA
1988-03-25,9.99,2.1,NA,NA,NA,NA,NA,NA
1988-04-01,10.05,2.1,NA,NA,NA,NA,NA,NA
1988-04-08,10.19,2.2,NA,NA,NA,NA,NA,NA
1988-04-15,10.19,2.1,NA,NA,NA,NA,NA,NA
1988-04-22,10.3,2.2,NA,NA,NA,NA,NA,NA
1988-04-29,10.28,2.1,NA,NA,NA,NA,NA,NA
1988-05-06,10.32,2.2,NA,NA,NA,NA,NA,NA
1988-05-13,10.4,2.1,NA,NA,NA,NA,NA,NA
1988-05-20,10.52,2.1,NA,NA,NA,NA,NA,NA
1988-05-27,10.58,2.1,NA,NA,NA,NA,NA,NA
1988-06-03,10.58,2.1,NA,NA,NA,NA,NA,NA
1988-06-10,10.51,2,NA,NA,NA,NA,NA,NA
1988-06-17,10.35,2,NA,NA,NA,NA,NA,NA
1988-06-24,10.4,2,NA,NA,NA,NA,NA,NA
1988-07-01,10.39,2,NA,NA,NA,NA,NA,NA
1988-07-08,10.38,2,NA,NA,NA,NA,NA,NA
1988-07-15,10.44,2,NA,NA,NA,NA,NA,NA
1988-07-22,10.46,2.1,NA,NA,NA,NA,NA,NA
1988-07-29,10.49,2.1,NA,NA,NA,NA,NA,NA
1988-08-05,10.44,2,NA,NA,NA,NA,NA,NA
1988-08-12,10.57,2.2,NA,NA,NA,NA,NA,NA
1988-08-19,10.71,2.3,NA,NA,NA,NA,NA,NA
1988-08-26,10.67,2.2,NA,NA,NA,NA,NA,NA
1988-09-02,10.65,2.4,NA,NA,NA,NA,NA,NA
1988-09-09,10.53,2.1,NA,NA,NA,NA,NA,NA
1988-09-16,10.4,2,NA,NA,NA,NA,NA,NA
1988-09-23,10.4,2,NA,NA,NA,NA,NA,NA
1988-09-30,10.42,2.1,NA,NA,NA,NA,NA,NA
1988-10-07,10.38,1.9,NA,NA,NA,NA,NA,NA
1988-10-14,10.33,1.9,NA,NA,NA,NA,NA,NA
1988-10-21,10.28,1.9,NA,NA,NA,NA,NA,NA
1988-10-28,10.22,1.9,NA,NA,NA,NA,NA,NA
1988-11-04,10.12,1.9,NA,NA,NA,NA,NA,NA
1988-11-11,10.24,2,NA,NA,NA,NA,NA,NA
1988-11-18,10.31,2.2,NA,NA,NA,NA,NA,NA
1988-11-25,10.39,2.1,NA,NA,NA,NA,NA,NA
1988-12-02,10.44,2.1,NA,NA,NA,NA,NA,NA
1988-12-09,10.46,2,NA,NA,NA,NA,NA,NA
1988-12-16,10.71,2.2,NA,NA,NA,NA,NA,NA
1988-12-23,10.68,2.2,NA,NA,NA,NA,NA,NA
1988-12-30,10.77,2.2,NA,NA,NA,NA,NA,NA
1989-01-06,10.8,2.2,NA,NA,NA,NA,NA,NA
1989-01-13,10.81,2.1,NA,NA,NA,NA,NA,NA
1989-01-20,10.71,2,NA,NA,NA,NA,NA,NA
1989-01-27,10.6,2.1,NA,NA,NA,NA,NA,NA
1989-02-03,10.55,2.1,NA,NA,NA,NA,NA,NA
1989-02-10,10.56,2,NA,NA,NA,NA,NA,NA
1989-02-17,10.69,2.2,NA,NA,NA,NA,NA,NA
1989-02-24,10.78,2.3,NA,NA,NA,NA,NA,NA
1989-03-03,10.91,2.3,NA,NA,NA,NA,NA,NA
1989-03-10,10.86,2.2,NA,NA,NA,NA,NA,NA
1989-03-17,10.98,2.1,NA,NA,NA,NA,NA,NA
1989-03-24,11.22,2.2,NA,NA,NA,NA,NA,NA
1989-03-31,11.19,2.2,NA,NA,NA,NA,NA,NA
1989-04-07,11.07,2.2,NA,NA,NA,NA,NA,NA
1989-04-14,11.11,2.2,NA,NA,NA,NA,NA,NA
1989-04-21,10.99,2.1,NA,NA,NA,NA,NA,NA
1989-04-28,11.03,2.1,NA,NA,NA,NA,NA,NA
1989-05-05,10.97,2.1,NA,NA,NA,NA,NA,NA
1989-05-12,10.93,2.2,NA,NA,NA,NA,NA,NA
1989-05-19,10.69,2,NA,NA,NA,NA,NA,NA
1989-05-26,10.5,2,NA,NA,NA,NA,NA,NA
1989-06-02,10.48,2,NA,NA,NA,NA,NA,NA
1989-06-09,10.2,2.1,NA,NA,NA,NA,NA,NA
1989-06-16,10.04,2.1,NA,NA,NA,NA,NA,NA
1989-06-23,10.19,2.1,NA,NA,NA,NA,NA,NA
1989-06-30,10.07,2.1,NA,NA,NA,NA,NA,NA
1989-07-07,10.03,2.1,NA,NA,NA,NA,NA,NA
1989-07-14,9.82,2.1,NA,NA,NA,NA,NA,NA
1989-07-21,9.87,2,NA,NA,NA,NA,NA,NA
1989-07-28,9.81,2.1,NA,NA,NA,NA,NA,NA
1989-08-04,9.68,2,NA,NA,NA,NA,NA,NA
1989-08-11,9.96,2.1,NA,NA,NA,NA,NA,NA
1989-08-18,10.09,2.1,NA,NA,NA,NA,NA,NA
1989-08-25,10.21,2,NA,NA,NA,NA,NA,NA
1989-09-01,10.22,1.9,NA,NA,NA,NA,NA,NA
1989-09-08,10.17,2,NA,NA,NA,NA,NA,NA
1989-09-15,10.05,2,NA,NA,NA,NA,NA,NA
1989-09-22,10.03,2,NA,NA,NA,NA,NA,NA
1989-09-29,10.16,2.1,NA,NA,NA,NA,NA,NA
1989-10-06,10.1,2.1,NA,NA,NA,NA,NA,NA
1989-10-13,9.95,2,NA,NA,NA,NA,NA,NA
1989-10-20,9.92,2,NA,NA,NA,NA,NA,NA
1989-10-27,9.82,2,NA,NA,NA,NA,NA,NA
1989-11-03,9.82,2,NA,NA,NA,NA,NA,NA
1989-11-10,9.79,1.9,NA,NA,NA,NA,NA,NA
1989-11-17,9.72,2,NA,NA,NA,NA,NA,NA
1989-11-24,9.74,2,NA,NA,NA,NA,NA,NA
1989-12-01,9.74,2,NA,NA,NA,NA,NA,NA
1989-12-08,9.76,2,NA,NA,NA,NA,NA,NA
1989-12-15,9.75,1.9,NA,NA,NA,NA,NA,NA
1989-12-22,9.69,2,NA,NA,NA,NA,NA,NA
1989-12-29,9.78,2,NA,NA,NA,NA,NA,NA
1990-01-05,9.83,2,NA,NA,NA,NA,NA,NA
1990-01-12,9.8,2,NA,NA,NA,NA,NA,NA
1990-01-19,9.9,2.1,NA,NA,NA,NA,NA,NA
1990-01-26,10.05,2.1,NA,NA,NA,NA,NA,NA
1990-02-02,10.17,2.1,NA,NA,NA,NA,NA,NA
1990-02-09,10.21,2.1,NA,NA,NA,NA,NA,NA
1990-02-16,10.1,2.1,NA,NA,NA,NA,NA,NA
1990-02-23,10.31,2.1,NA,NA,NA,NA,NA,NA
1990-03-02,10.23,2.1,NA,NA,NA,NA,NA,NA
1990-03-09,10.29,2.1,NA,NA,NA,NA,NA,NA
1990-03-16,10.34,2,NA,NA,NA,NA,NA,NA
1990-03-23,10.26,2,NA,NA,NA,NA,NA,NA
1990-03-30,10.22,2.1,NA,NA,NA,NA,NA,NA
1990-04-06,10.26,2,NA,NA,NA,NA,NA,NA
1990-04-13,10.25,2,NA,NA,NA,NA,NA,NA
1990-04-20,10.41,2.1,NA,NA,NA,NA,NA,NA
1990-04-27,10.56,2.1,NA,NA,NA,NA,NA,NA
1990-05-04,10.67,2.1,NA,NA,NA,NA,NA,NA
1990-05-11,10.54,2,NA,NA,NA,NA,NA,NA
1990-05-18,10.37,2,NA,NA,NA,NA,NA,NA
1990-05-25,10.33,2,NA,NA,NA,NA,NA,NA
1990-06-01,10.29,2,NA,NA,NA,NA,NA,NA
1990-06-08,10.1,2,NA,NA,NA,NA,NA,NA
1990-06-15,10.12,2,NA,NA,NA,NA,NA,NA
1990-06-22,10.16,2,NA,NA,NA,NA,NA,NA
1990-06-29,10.15,2,NA,NA,NA,NA,NA,NA
1990-07-06,10.06,1.9,NA,NA,NA,NA,NA,NA
1990-07-13,10.11,2,NA,NA,NA,NA,NA,NA
1990-07-20,9.99,2,NA,NA,NA,NA,NA,NA
1990-07-27,9.98,2,NA,NA,NA,NA,NA,NA
1990-08-03,9.84,1.9,NA,NA,NA,NA,NA,NA
1990-08-10,10.08,2.1,NA,NA,NA,NA,NA,NA
1990-08-17,10.05,2,NA,NA,NA,NA,NA,NA
1990-08-24,10.29,2.1,NA,NA,NA,NA,NA,NA
1990-08-31,10.24,2.1,NA,NA,NA,NA,NA,NA
1990-09-07,10.19,2,NA,NA,NA,NA,NA,NA
1990-09-14,10.13,2,NA,NA,NA,NA,NA,NA
1990-09-21,10.16,2.1,NA,NA,NA,NA,NA,NA
1990-09-28,10.22,2.2,NA,NA,NA,NA,NA,NA
1990-10-05,10.08,2.1,NA,NA,NA,NA,NA,NA
1990-10-12,10.22,2.2,NA,NA,NA,NA,NA,NA
1990-10-19,10.24,2.2,NA,NA,NA,NA,NA,NA
1990-10-26,10.17,2.1,NA,NA,NA,NA,NA,NA
1990-11-02,10.13,2.1,NA,NA,NA,NA,NA,NA
1990-11-09,10.09,2.1,NA,NA,NA,NA,NA,NA
1990-11-16,10.02,2,NA,NA,NA,NA,NA,NA
1990-11-23,9.93,2.1,NA,NA,NA,NA,NA,NA
1990-11-30,9.9,2,NA,NA,NA,NA,NA,NA
1990-12-07,9.81,1.9,NA,NA,NA,NA,NA,NA
1990-12-14,9.56,1.9,NA,NA,NA,NA,NA,NA
1990-12-21,9.64,1.9,NA,NA,NA,NA,NA,NA
1990-12-28,9.68,2,NA,NA,NA,NA,NA,NA
1991-01-04,9.56,1.9,NA,NA,NA,NA,NA,NA
1991-01-11,9.63,2.1,NA,NA,NA,NA,NA,NA
1991-01-18,9.75,2.2,NA,NA,NA,NA,NA,NA
1991-01-25,9.61,2,NA,NA,NA,NA,NA,NA
1991-02-01,9.56,2,NA,NA,NA,NA,NA,NA
1991-02-08,9.36,1.9,NA,NA,NA,NA,NA,NA
1991-02-15,9.25,2,NA,NA,NA,NA,NA,NA
1991-02-22,9.29,2.1,NA,NA,NA,NA,NA,NA
1991-03-01,9.4,2.1,NA,NA,NA,NA,NA,NA
1991-03-08,9.49,2.1,NA,NA,NA,NA,NA,NA
1991-03-15,9.5,2,NA,NA,NA,NA,NA,NA
1991-03-22,9.59,2.1,NA,NA,NA,NA,NA,NA
1991-03-29,9.52,2.1,NA,NA,NA,NA,NA,NA
1991-04-05,9.49,2,NA,NA,NA,NA,NA,NA
1991-04-12,9.48,2,NA,NA,NA,NA,NA,NA
1991-04-19,9.47,2,NA,NA,NA,NA,NA,NA
1991-04-26,9.53,2.1,NA,NA,NA,NA,NA,NA
1991-05-03,9.47,1.9,NA,NA,NA,NA,NA,NA
1991-05-10,9.47,1.9,NA,NA,NA,NA,NA,NA
1991-05-17,9.5,2.1,NA,NA,NA,NA,NA,NA
1991-05-24,9.47,2,NA,NA,NA,NA,NA,NA
1991-05-31,9.45,1.9,NA,NA,NA,NA,NA,NA
1991-06-07,9.48,2,NA,NA,NA,NA,NA,NA
1991-06-14,9.66,2.2,NA,NA,NA,NA,NA,NA
1991-06-21,9.65,2,NA,NA,NA,NA,NA,NA
1991-06-28,9.67,2.1,NA,NA,NA,NA,NA,NA
1991-07-05,9.62,2,NA,NA,NA,NA,NA,NA
1991-07-12,9.64,2,NA,NA,NA,NA,NA,NA
1991-07-19,9.54,2,NA,NA,NA,NA,NA,NA
1991-07-26,9.5,1.9,NA,NA,NA,NA,NA,NA
1991-08-02,9.44,2,NA,NA,NA,NA,NA,NA
1991-08-09,9.27,1.8,NA,NA,NA,NA,NA,NA
1991-08-16,9.19,1.9,NA,NA,NA,NA,NA,NA
1991-08-23,9.17,1.9,NA,NA,NA,NA,NA,NA
1991-08-30,9.15,1.9,NA,NA,NA,NA,NA,NA
1991-09-06,9.14,1.9,NA,NA,NA,NA,NA,NA
1991-09-13,9.02,1.9,NA,NA,NA,NA,NA,NA
1991-09-20,8.95,1.9,NA,NA,NA,NA,NA,NA
1991-09-27,8.92,1.8,NA,NA,NA,NA,NA,NA
1991-10-04,8.87,1.8,NA,NA,NA,NA,NA,NA
1991-10-11,8.82,1.8,NA,NA,NA,NA,NA,NA
1991-10-18,8.82,1.9,NA,NA,NA,NA,NA,NA
1991-10-25,8.91,1.9,NA,NA,NA,NA,NA,NA
1991-11-01,8.78,1.8,NA,NA,NA,NA,NA,NA
1991-11-08,8.76,1.7,NA,NA,NA,NA,NA,NA
1991-11-15,8.69,1.8,NA,NA,NA,NA,NA,NA
1991-11-22,8.63,1.8,NA,NA,NA,NA,NA,NA
1991-11-29,8.7,1.9,NA,NA,NA,NA,NA,NA
1991-12-06,8.62,1.8,NA,NA,NA,NA,NA,NA
1991-12-13,8.53,1.7,NA,NA,NA,NA,NA,NA
1991-12-20,8.49,1.8,NA,NA,NA,NA,NA,NA
1991-12-27,8.35,1.8,NA,NA,NA,NA,NA,NA
1992-01-03,8.24,1.7,NA,NA,NA,NA,NA,NA
1992-01-10,8.23,1.6,NA,NA,NA,NA,NA,NA
1992-01-17,8.45,1.8,NA,NA,NA,NA,NA,NA
1992-01-24,8.56,1.8,NA,NA,NA,NA,NA,NA
1992-01-31,8.68,2.1,NA,NA,NA,NA,NA,NA
1992-02-07,8.67,1.7,NA,NA,NA,NA,NA,NA
1992-02-14,8.73,1.9,NA,NA,NA,NA,NA,NA
1992-02-21,8.82,1.9,NA,NA,NA,NA,NA,NA
1992-02-28,8.83,1.8,NA,NA,NA,NA,NA,NA
1992-03-06,8.85,1.9,NA,NA,NA,NA,NA,NA
1992-03-13,8.88,1.9,NA,NA,NA,NA,NA,NA
1992-03-20,9.03,1.8,NA,NA,NA,NA,NA,NA
1992-03-27,8.98,1.8,NA,NA,NA,NA,NA,NA
1992-04-03,8.96,1.7,NA,NA,NA,NA,NA,NA
1992-04-10,8.84,1.6,NA,NA,NA,NA,NA,NA
1992-04-17,8.76,1.6,NA,NA,NA,NA,NA,NA
1992-04-24,8.85,1.8,NA,NA,NA,NA,NA,NA
1992-05-01,8.84,1.8,NA,NA,NA,NA,NA,NA
1992-05-08,8.75,1.6,NA,NA,NA,NA,NA,NA
1992-05-15,8.64,1.6,NA,NA,NA,NA,NA,NA
1992-05-22,8.53,1.6,NA,NA,NA,NA,NA,NA
1992-05-29,8.6,1.8,NA,NA,NA,NA,NA,NA
1992-06-05,8.59,1.8,NA,NA,NA,NA,NA,NA
1992-06-12,8.54,1.6,NA,NA,NA,NA,NA,NA
1992-06-19,8.48,1.6,NA,NA,NA,NA,NA,NA
1992-06-26,8.43,1.6,NA,NA,NA,NA,NA,NA
1992-07-03,8.29,1.5,NA,NA,NA,NA,NA,NA
1992-07-10,8.13,1.5,NA,NA,NA,NA,NA,NA
1992-07-17,8.09,1.6,NA,NA,NA,NA,NA,NA
1992-07-24,8.08,1.6,NA,NA,NA,NA,NA,NA
1992-07-31,8.05,1.7,NA,NA,NA,NA,NA,NA
1992-08-07,8.06,1.6,NA,NA,NA,NA,NA,NA
1992-08-14,7.96,1.6,NA,NA,NA,NA,NA,NA
1992-08-21,7.87,1.7,NA,NA,NA,NA,NA,NA
1992-08-28,8.01,1.8,NA,NA,NA,NA,NA,NA
1992-09-04,7.94,1.7,NA,NA,NA,NA,NA,NA
1992-09-11,7.84,1.6,NA,NA,NA,NA,NA,NA
1992-09-18,7.89,1.7,NA,NA,NA,NA,NA,NA
1992-09-24,8.02,1.7,NA,NA,NA,NA,NA,NA
1992-10-02,7.93,1.6,NA,NA,NA,NA,NA,NA
1992-10-09,8.01,1.8,NA,NA,NA,NA,NA,NA
1992-10-16,8.06,1.7,NA,NA,NA,NA,NA,NA
1992-10-23,8.23,2,NA,NA,NA,NA,NA,NA
1992-10-30,8.21,1.9,NA,NA,NA,NA,NA,NA
1992-11-06,8.29,2,NA,NA,NA,NA,NA,NA
1992-11-13,8.32,2,NA,NA,NA,NA,NA,NA
1992-11-20,8.32,1.8,NA,NA,NA,NA,NA,NA
1992-11-27,8.29,1.8,NA,NA,NA,NA,NA,NA
1992-12-04,8.34,1.8,NA,NA,NA,NA,NA,NA
1992-12-11,8.23,1.6,NA,NA,NA,NA,NA,NA
1992-12-18,8.19,1.6,NA,NA,NA,NA,NA,NA
1992-12-25,8.13,1.5,NA,NA,NA,NA,NA,NA
1992-12-31,8.14,1.6,NA,NA,NA,NA,NA,NA
1993-01-08,8.07,1.6,NA,NA,NA,NA,NA,NA
1993-01-15,8.04,1.6,NA,NA,NA,NA,NA,NA
1993-01-22,8,1.7,NA,NA,NA,NA,NA,NA
1993-01-29,7.86,1.5,NA,NA,NA,NA,NA,NA
1993-02-05,7.8,1.5,NA,NA,NA,NA,NA,NA
1993-02-12,7.75,1.6,NA,NA,NA,NA,NA,NA
1993-02-19,7.65,1.5,NA,NA,NA,NA,NA,NA
1993-02-26,7.53,1.5,NA,NA,NA,NA,NA,NA
1993-03-05,7.44,1.5,NA,NA,NA,NA,NA,NA
1993-03-12,7.47,1.6,NA,NA,NA,NA,NA,NA
1993-03-19,7.57,1.7,NA,NA,NA,NA,NA,NA
1993-03-26,7.5,1.7,NA,NA,NA,NA,NA,NA
1993-04-02,7.53,1.7,NA,NA,NA,NA,NA,NA
1993-04-09,7.57,1.8,NA,NA,NA,NA,NA,NA
1993-04-16,7.45,1.6,NA,NA,NA,NA,NA,NA
1993-04-23,7.38,1.6,NA,NA,NA,NA,NA,NA
1993-04-30,7.43,1.8,NA,NA,NA,NA,NA,NA
1993-05-07,7.42,1.7,NA,NA,NA,NA,NA,NA
1993-05-14,7.42,1.8,NA,NA,NA,NA,NA,NA
1993-05-21,7.52,1.8,NA,NA,NA,NA,NA,NA
1993-05-28,7.5,1.8,NA,NA,NA,NA,NA,NA
1993-06-04,7.47,1.7,NA,NA,NA,NA,NA,NA
1993-06-11,7.48,1.7,NA,NA,NA,NA,NA,NA
1993-06-18,7.38,1.6,NA,NA,NA,NA,NA,NA
1993-06-25,7.34,1.5,NA,NA,NA,NA,NA,NA
1993-07-02,7.23,1.5,NA,NA,NA,NA,NA,NA
1993-07-09,7.19,1.6,NA,NA,NA,NA,NA,NA
1993-07-16,7.16,1.6,NA,NA,NA,NA,NA,NA
1993-07-23,7.2,1.7,NA,NA,NA,NA,NA,NA
1993-07-30,7.25,1.7,NA,NA,NA,NA,NA,NA
1993-08-06,7.21,1.6,NA,NA,NA,NA,NA,NA
1993-08-13,7.17,1.5,NA,NA,NA,NA,NA,NA
1993-08-20,7.1,1.4,NA,NA,NA,NA,NA,NA
1993-08-27,6.97,1.4,NA,NA,NA,NA,NA,NA
1993-09-03,6.93,1.4,NA,NA,NA,NA,NA,NA
1993-09-10,6.82,1.4,NA,NA,NA,NA,NA,NA
1993-09-17,6.96,1.6,NA,NA,NA,NA,NA,NA
1993-09-24,6.95,1.6,NA,NA,NA,NA,NA,NA
1993-10-01,6.89,1.5,NA,NA,NA,NA,NA,NA
1993-10-08,6.87,1.5,NA,NA,NA,NA,NA,NA
1993-10-15,6.81,1.5,NA,NA,NA,NA,NA,NA
1993-10-22,6.74,1.5,NA,NA,NA,NA,NA,NA
1993-10-29,6.86,1.5,NA,NA,NA,NA,NA,NA
1993-11-05,7.11,1.4,NA,NA,NA,NA,NA,NA
1993-11-12,7.12,1.5,NA,NA,NA,NA,NA,NA
1993-11-19,7.08,1.6,NA,NA,NA,NA,NA,NA
1993-11-26,7.31,1.7,NA,NA,NA,NA,NA,NA
1993-12-04,7.25,1.7,NA,NA,NA,NA,NA,NA
1993-12-10,7.14,1.6,NA,NA,NA,NA,NA,NA
1993-12-17,7.17,1.7,NA,NA,NA,NA,NA,NA
1993-12-24,7.17,1.7,NA,NA,NA,NA,NA,NA
1993-12-31,7.13,1.6,NA,NA,NA,NA,NA,NA
1994-01-07,7.23,1.6,NA,NA,NA,NA,NA,NA
1994-01-14,6.99,1.7,NA,NA,NA,NA,NA,NA
1994-01-21,7.05,1.7,NA,NA,NA,NA,NA,NA
1994-01-28,6.97,1.7,NA,NA,NA,NA,NA,NA
1994-02-04,6.97,1.7,NA,NA,NA,NA,NA,NA
1994-02-11,7.21,1.8,NA,NA,NA,NA,NA,NA
1994-02-18,7.11,1.8,NA,NA,NA,NA,NA,NA
1994-02-25,7.32,1.7,NA,NA,NA,NA,NA,NA
1994-03-04,7.51,1.7,NA,NA,NA,NA,NA,NA
1994-03-11,7.63,1.6,NA,NA,NA,NA,NA,NA
1994-03-18,7.76,1.7,NA,NA,NA,NA,NA,NA
1994-03-25,7.8,1.7,NA,NA,NA,NA,NA,NA
1994-04-01,8.04,1.7,NA,NA,NA,NA,NA,NA
1994-04-08,8.47,1.7,NA,NA,NA,NA,NA,NA
1994-04-15,8.26,1.8,NA,NA,NA,NA,NA,NA
1994-04-22,8.49,1.8,NA,NA,NA,NA,NA,NA
1994-04-29,8.32,1.8,NA,NA,NA,NA,NA,NA
1994-05-06,8.53,1.8,NA,NA,NA,NA,NA,NA
1994-05-13,8.77,1.8,NA,NA,NA,NA,NA,NA
1994-05-20,8.56,1.8,NA,NA,NA,NA,NA,NA
1994-05-27,8.53,1.8,NA,NA,NA,NA,NA,NA
1994-06-03,8.55,1.8,NA,NA,NA,NA,NA,NA
1994-06-10,8.25,1.8,NA,NA,NA,NA,NA,NA
1994-06-17,8.33,1.8,NA,NA,NA,NA,NA,NA
1994-06-24,8.46,1.8,NA,NA,NA,NA,NA,NA
1994-07-01,8.57,1.7,NA,NA,NA,NA,NA,NA
1994-07-08,8.68,1.8,NA,NA,NA,NA,NA,NA
1994-07-15,8.72,1.8,NA,NA,NA,NA,NA,NA
1994-07-22,8.53,1.8,NA,NA,NA,NA,NA,NA
1994-07-29,8.57,1.9,NA,NA,NA,NA,NA,NA
1994-08-05,8.38,1.8,NA,NA,NA,NA,NA,NA
1994-08-12,8.57,1.8,NA,NA,NA,NA,NA,NA
1994-08-19,8.54,1.8,NA,NA,NA,NA,NA,NA
1994-08-26,8.56,1.8,NA,NA,NA,NA,NA,NA
1994-09-02,8.48,1.8,NA,NA,NA,NA,NA,NA
1994-09-09,8.51,1.8,NA,NA,NA,NA,NA,NA
1994-09-16,8.66,1.8,NA,NA,NA,NA,NA,NA
1994-09-23,8.73,1.8,NA,NA,NA,NA,NA,NA
1994-09-30,8.82,1.8,NA,NA,NA,NA,NA,NA
1994-10-07,8.89,1.8,NA,NA,NA,NA,NA,NA
1994-10-14,8.93,1.8,NA,NA,NA,NA,NA,NA
1994-10-21,8.85,1.8,NA,NA,NA,NA,NA,NA
1994-10-28,9.03,1.8,NA,NA,NA,NA,NA,NA
1994-11-04,9.05,1.9,NA,NA,NA,NA,NA,NA
1994-11-11,9.19,1.8,NA,NA,NA,NA,NA,NA
1994-11-18,9.19,1.8,NA,NA,NA,NA,NA,NA
1994-11-25,9.25,1.8,NA,NA,NA,NA,NA,NA
1994-12-02,9.23,1.8,NA,NA,NA,NA,NA,NA
1994-12-09,9.15,1.8,NA,NA,NA,NA,NA,NA
1994-12-16,9.25,1.8,NA,NA,NA,NA,NA,NA
1994-12-23,9.18,1.8,NA,NA,NA,NA,NA,NA
1994-12-30,9.18,1.8,NA,NA,NA,NA,NA,NA
1995-01-06,9.22,1.8,NA,NA,NA,NA,NA,NA
1995-01-13,9.19,1.8,NA,NA,NA,NA,NA,NA
1995-01-20,9.05,1.8,NA,NA,NA,NA,NA,NA
1995-01-27,9.13,1.9,NA,NA,NA,NA,NA,NA
1995-02-03,8.94,1.8,NA,NA,NA,NA,NA,NA
1995-02-10,8.8,1.9,NA,NA,NA,NA,NA,NA
1995-02-17,8.84,1.9,NA,NA,NA,NA,NA,NA
1995-02-24,8.73,1.9,NA,NA,NA,NA,NA,NA
1995-03-03,8.53,1.8,NA,NA,NA,NA,NA,NA
1995-03-10,8.62,1.9,NA,NA,NA,NA,NA,NA
1995-03-17,8.38,1.8,NA,NA,NA,NA,NA,NA
1995-03-24,8.4,1.8,NA,NA,NA,NA,NA,NA
1995-03-31,8.38,1.8,NA,NA,NA,NA,NA,NA
1995-04-07,8.41,1.9,NA,NA,NA,NA,NA,NA
1995-04-14,8.37,1.9,NA,NA,NA,NA,NA,NA
1995-04-21,8.24,1.9,NA,NA,NA,NA,NA,NA
1995-04-28,8.26,1.9,NA,NA,NA,NA,NA,NA
1995-05-05,8.27,1.9,NA,NA,NA,NA,NA,NA
1995-05-12,7.87,1.8,NA,NA,NA,NA,NA,NA
1995-05-19,7.83,1.8,NA,NA,NA,NA,NA,NA
1995-05-26,7.85,1.8,NA,NA,NA,NA,NA,NA
1995-06-02,7.71,1.8,NA,NA,NA,NA,NA,NA
1995-06-09,7.51,1.7,NA,NA,NA,NA,NA,NA
1995-06-16,7.55,1.8,NA,NA,NA,NA,NA,NA
1995-06-23,7.53,1.8,NA,NA,NA,NA,NA,NA
1995-06-30,7.53,1.8,NA,NA,NA,NA,NA,NA
1995-07-07,7.63,1.8,NA,NA,NA,NA,NA,NA
1995-07-14,7.41,1.7,NA,NA,NA,NA,NA,NA
1995-07-21,7.6,1.7,NA,NA,NA,NA,NA,NA
1995-07-28,7.79,1.8,NA,NA,NA,NA,NA,NA
1995-08-04,7.82,1.8,NA,NA,NA,NA,NA,NA
1995-08-11,7.8,1.8,NA,NA,NA,NA,NA,NA
1995-08-18,7.94,1.8,NA,NA,NA,NA,NA,NA
1995-08-25,7.88,1.9,NA,NA,NA,NA,NA,NA
1995-09-01,7.76,1.8,NA,NA,NA,NA,NA,NA
1995-09-08,7.63,1.8,NA,NA,NA,NA,NA,NA
1995-09-15,7.6,1.8,NA,NA,NA,NA,NA,NA
1995-09-22,7.57,1.8,NA,NA,NA,NA,NA,NA
1995-09-29,7.62,1.8,NA,NA,NA,NA,NA,NA
1995-10-06,7.57,1.8,NA,NA,NA,NA,NA,NA
1995-10-13,7.5,1.9,NA,NA,NA,NA,NA,NA
1995-10-20,7.38,1.9,NA,NA,NA,NA,NA,NA
1995-10-27,7.45,1.8,NA,NA,NA,NA,NA,NA
1995-11-03,7.44,1.8,NA,NA,NA,NA,NA,NA
1995-11-09,7.37,1.8,NA,NA,NA,NA,NA,NA
1995-11-17,7.35,1.8,NA,NA,NA,NA,NA,NA
1995-11-24,7.35,1.8,NA,NA,NA,NA,NA,NA
1995-12-01,7.33,1.9,NA,NA,NA,NA,NA,NA
1995-12-08,7.18,1.8,NA,NA,NA,NA,NA,NA
1995-12-15,7.15,1.8,NA,NA,NA,NA,NA,NA
1995-12-22,7.23,1.8,NA,NA,NA,NA,NA,NA
1995-12-29,7.11,1.7,NA,NA,NA,NA,NA,NA
1996-01-05,7.02,1.8,NA,NA,NA,NA,NA,NA
1996-01-12,7.08,1.7,NA,NA,NA,NA,NA,NA
1996-01-19,7.02,1.7,NA,NA,NA,NA,NA,NA
1996-01-26,7,1.8,NA,NA,NA,NA,NA,NA
1996-02-02,7.02,1.8,NA,NA,NA,NA,NA,NA
1996-02-09,7.02,1.7,NA,NA,NA,NA,NA,NA
1996-02-16,6.94,1.7,NA,NA,NA,NA,NA,NA
1996-02-23,7.32,1.7,NA,NA,NA,NA,NA,NA
1996-03-01,7.41,1.8,NA,NA,NA,NA,NA,NA
1996-03-08,7.38,1.8,NA,NA,NA,NA,NA,NA
1996-03-15,7.83,1.7,NA,NA,NA,NA,NA,NA
1996-03-22,7.81,1.7,NA,NA,NA,NA,NA,NA
1996-03-29,7.69,1.8,NA,NA,NA,NA,NA,NA
1996-04-05,7.78,1.7,NA,NA,NA,NA,NA,NA
1996-04-12,8.05,1.8,NA,NA,NA,NA,NA,NA
1996-04-19,7.95,1.8,NA,NA,NA,NA,NA,NA
1996-04-26,7.92,1.8,NA,NA,NA,NA,NA,NA
1996-05-03,7.99,1.8,NA,NA,NA,NA,NA,NA
1996-05-10,8.24,1.8,NA,NA,NA,NA,NA,NA
1996-05-17,8.08,1.7,NA,NA,NA,NA,NA,NA
1996-05-24,8.01,1.7,NA,NA,NA,NA,NA,NA
1996-05-31,8.03,1.7,NA,NA,NA,NA,NA,NA
1996-06-07,8.3,1.7,NA,NA,NA,NA,NA,NA
1996-06-14,8.39,1.7,NA,NA,NA,NA,NA,NA
1996-06-21,8.3,1.7,NA,NA,NA,NA,NA,NA
1996-06-28,8.29,1.7,NA,NA,NA,NA,NA,NA
1996-07-05,8.14,1.8,NA,NA,NA,NA,NA,NA
1996-07-12,8.42,1.7,NA,NA,NA,NA,NA,NA
1996-07-19,8.23,1.8,NA,NA,NA,NA,NA,NA
1996-07-26,8.19,1.7,NA,NA,NA,NA,NA,NA
1996-08-02,8.23,1.7,NA,NA,NA,NA,NA,NA
1996-08-09,7.88,1.7,NA,NA,NA,NA,NA,NA
1996-08-16,7.88,1.7,NA,NA,NA,NA,NA,NA
1996-08-23,7.93,1.7,NA,NA,NA,NA,NA,NA
1996-08-30,8.09,1.7,NA,NA,NA,NA,NA,NA
1996-09-06,8.34,1.7,NA,NA,NA,NA,NA,NA
1996-09-13,8.28,1.7,NA,NA,NA,NA,NA,NA
1996-09-20,8.14,1.7,NA,NA,NA,NA,NA,NA
1996-09-27,8.16,1.7,NA,NA,NA,NA,NA,NA
1996-10-04,8.06,1.7,NA,NA,NA,NA,NA,NA
1996-10-11,7.86,1.7,NA,NA,NA,NA,NA,NA
1996-10-18,7.88,1.7,NA,NA,NA,NA,NA,NA
1996-10-25,7.86,1.8,NA,NA,NA,NA,NA,NA
1996-11-01,7.78,1.8,NA,NA,NA,NA,NA,NA
1996-11-08,7.67,1.7,NA,NA,NA,NA,NA,NA
1996-11-15,7.59,1.8,NA,NA,NA,NA,NA,NA
1996-11-22,7.53,1.8,NA,NA,NA,NA,NA,NA
1996-11-29,7.52,1.8,NA,NA,NA,NA,NA,NA
1996-12-06,7.44,1.7,NA,NA,NA,NA,NA,NA
1996-12-13,7.57,1.7,NA,NA,NA,NA,NA,NA
1996-12-20,7.74,1.8,NA,NA,NA,NA,NA,NA
1996-12-27,7.64,1.7,NA,NA,NA,NA,NA,NA
1997-01-03,7.67,1.7,NA,NA,NA,NA,NA,NA
1997-01-10,7.85,1.8,NA,NA,NA,NA,NA,NA
1997-01-17,7.87,1.8,NA,NA,NA,NA,NA,NA
1997-01-24,7.85,1.8,NA,NA,NA,NA,NA,NA
1997-01-31,7.88,1.8,NA,NA,NA,NA,NA,NA
1997-02-07,7.74,1.7,NA,NA,NA,NA,NA,NA
1997-02-14,7.65,1.7,NA,NA,NA,NA,NA,NA
1997-02-21,7.56,1.7,NA,NA,NA,NA,NA,NA
1997-02-28,7.65,1.7,NA,NA,NA,NA,NA,NA
1997-03-07,7.84,1.7,NA,NA,NA,NA,NA,NA
1997-03-14,7.84,1.7,NA,NA,NA,NA,NA,NA
1997-03-21,7.94,1.8,NA,NA,NA,NA,NA,NA
1997-03-28,7.97,1.8,NA,NA,NA,NA,NA,NA
1997-04-04,8.18,1.7,NA,NA,NA,NA,NA,NA
1997-04-11,8.15,1.8,NA,NA,NA,NA,NA,NA
1997-04-18,8.16,1.7,NA,NA,NA,NA,NA,NA
1997-04-25,8.08,1.7,NA,NA,NA,NA,NA,NA
1997-05-02,8.01,1.7,NA,NA,NA,NA,NA,NA
1997-05-09,7.94,1.6,NA,NA,NA,NA,NA,NA
1997-05-16,7.91,1.6,NA,NA,NA,NA,NA,NA
1997-05-23,7.92,1.7,NA,NA,NA,NA,NA,NA
1997-05-30,7.94,1.7,NA,NA,NA,NA,NA,NA
1997-06-06,7.85,1.7,NA,NA,NA,NA,NA,NA
1997-06-13,7.72,1.7,NA,NA,NA,NA,NA,NA
1997-06-20,7.61,1.7,NA,NA,NA,NA,NA,NA
1997-06-27,7.58,1.7,NA,NA,NA,NA,NA,NA
1997-07-04,7.62,1.8,NA,NA,NA,NA,NA,NA
1997-07-11,7.47,1.8,NA,NA,NA,NA,NA,NA
1997-07-18,7.47,1.8,NA,NA,NA,NA,NA,NA
1997-07-25,7.43,1.7,NA,NA,NA,NA,NA,NA
1997-08-01,7.36,1.7,NA,NA,NA,NA,NA,NA
1997-08-08,7.46,1.7,NA,NA,NA,NA,NA,NA
1997-08-15,7.54,1.8,NA,NA,NA,NA,NA,NA
1997-08-22,7.46,1.7,NA,NA,NA,NA,NA,NA
1997-08-29,7.58,1.7,NA,NA,NA,NA,NA,NA
1997-09-05,7.53,1.7,NA,NA,NA,NA,NA,NA
1997-09-12,7.53,1.7,NA,NA,NA,NA,NA,NA
1997-09-19,7.38,1.7,NA,NA,NA,NA,NA,NA
1997-09-26,7.28,1.7,NA,NA,NA,NA,NA,NA
1997-10-03,7.31,1.7,NA,NA,NA,NA,NA,NA
1997-10-10,7.26,1.7,NA,NA,NA,NA,NA,NA
1997-10-17,7.34,1.7,NA,NA,NA,NA,NA,NA
1997-10-24,7.35,1.8,NA,NA,NA,NA,NA,NA
1997-10-31,7.21,1.7,NA,NA,NA,NA,NA,NA
1997-11-07,7.24,1.7,NA,NA,NA,NA,NA,NA
1997-11-14,7.23,1.7,NA,NA,NA,NA,NA,NA
1997-11-21,7.18,1.7,NA,NA,NA,NA,NA,NA
1997-11-28,7.17,1.8,NA,NA,NA,NA,NA,NA
1997-12-05,7.15,1.8,NA,NA,NA,NA,NA,NA
1997-12-12,7.17,1.8,NA,NA,NA,NA,NA,NA
1997-12-19,7.07,1.8,NA,NA,NA,NA,NA,NA
1997-12-26,6.99,1.8,NA,NA,NA,NA,NA,NA
1998-01-02,7.03,1.8,NA,NA,NA,NA,NA,NA
1998-01-09,6.94,1.4,NA,NA,NA,NA,NA,NA
1998-01-16,6.89,1.3,NA,NA,NA,NA,NA,NA
1998-01-23,6.99,1.2,NA,NA,NA,NA,NA,NA
1998-01-30,7.12,1.2,NA,NA,NA,NA,NA,NA
1998-02-06,7.03,1.2,NA,NA,NA,NA,NA,NA
1998-02-13,7.06,1.3,NA,NA,NA,NA,NA,NA
1998-02-20,6.99,1.2,NA,NA,NA,NA,NA,NA
1998-02-28,7.09,1.2,NA,NA,NA,NA,NA,NA
1998-03-06,7.19,1.2,NA,NA,NA,NA,NA,NA
1998-03-13,7.16,1.2,NA,NA,NA,NA,NA,NA
1998-03-20,7.08,1.1,NA,NA,NA,NA,NA,NA
1998-03-27,7.08,1.1,NA,NA,NA,NA,NA,NA
1998-04-03,7.15,1.1,NA,NA,NA,NA,NA,NA
1998-04-10,7.09,1,NA,TRUE,NA,NA,NA,NA
1998-04-17,7.17,1,NA,TRUE,NA,NA,NA,NA
1998-04-24,7.15,1,NA,TRUE,NA,NA,NA,NA
1998-05-01,7.22,1.1,NA,NA,NA,NA,NA,NA
1998-05-08,7.14,1.1,NA,TRUE,NA,NA,NA,NA
1998-05-15,7.19,1.1,NA,NA,NA,NA,NA,NA
1998-05-22,7.1,1,NA,TRUE,NA,NA,NA,NA
1998-05-29,7.07,1,NA,TRUE,NA,NA,NA,NA
1998-06-05,7.05,1,NA,TRUE,NA,NA,NA,NA
1998-06-12,7.04,1,NA,TRUE,NA,NA,NA,NA
1998-06-19,6.94,1,NA,NA,NA,NA,NA,NA
1998-06-26,6.96,1,NA,TRUE,NA,NA,NA,NA
1998-07-03,6.98,1,NA,TRUE,NA,NA,NA,NA
1998-07-10,6.91,1.1,NA,NA,NA,NA,NA,NA
1998-07-17,6.94,1.1,NA,NA,NA,NA,NA,NA
1998-07-24,6.96,1.1,NA,NA,NA,NA,NA,NA
1998-07-31,6.97,1.1,NA,NA,NA,NA,NA,NA
1998-08-07,6.94,1.1,NA,NA,NA,NA,NA,NA
1998-08-14,6.91,1.1,NA,NA,NA,NA,NA,NA
1998-08-21,6.92,1.1,NA,NA,NA,NA,NA,NA
1998-08-28,6.92,1.1,NA,NA,NA,NA,NA,NA
1998-09-04,6.82,1,NA,TRUE,NA,NA,NA,NA
1998-09-11,6.77,1,NA,TRUE,NA,NA,NA,NA
1998-09-18,6.66,0.9,NA,NA,NA,NA,NA,NA
1998-09-25,6.64,1,NA,NA,NA,NA,NA,NA
1998-10-02,6.6,1,NA,NA,NA,NA,NA,NA
1998-10-09,6.49,1,NA,TRUE,NA,NA,NA,NA
1998-10-16,6.9,0.9,NA,NA,NA,NA,NA,NA
1998-10-23,6.73,0.9,NA,NA,NA,NA,NA,NA
1998-10-30,6.83,0.9,NA,NA,NA,NA,NA,NA
1998-11-06,6.89,0.9,NA,NA,NA,NA,NA,NA
1998-11-13,6.93,1,NA,TRUE,NA,NA,NA,NA
1998-11-20,6.86,0.9,NA,NA,NA,NA,NA,NA
1998-11-27,6.78,0.9,NA,NA,NA,NA,NA,NA
1998-12-04,6.71,0.9,NA,NA,NA,NA,NA,NA
1998-12-11,6.69,0.9,NA,NA,NA,NA,NA,NA
1998-12-18,6.69,1,NA,NA,NA,NA,NA,NA
1998-12-25,6.77,1,NA,TRUE,NA,NA,NA,NA
1998-12-31,6.83,1,NA,TRUE,NA,NA,NA,NA
1999-01-08,6.79,0.9,NA,TRUE,NA,NA,NA,NA
1999-01-15,6.83,1,NA,TRUE,NA,NA,NA,NA
1999-01-22,6.78,0.9,NA,NA,NA,NA,NA,NA
1999-01-29,6.74,0.9,NA,NA,NA,NA,NA,NA
1999-02-05,6.75,1,NA,NA,NA,NA,NA,NA
1999-02-12,6.77,1,NA,TRUE,NA,NA,NA,NA
1999-02-19,6.82,1,NA,TRUE,NA,NA,NA,NA
1999-02-26,6.89,1,NA,TRUE,NA,NA,NA,NA
1999-03-05,7.06,1,NA,TRUE,NA,NA,NA,NA
1999-03-12,7.11,0.8,NA,NA,NA,NA,NA,NA
1999-03-19,7.01,0.9,NA,NA,NA,NA,NA,NA
1999-03-26,6.98,0.9,NA,NA,NA,NA,NA,NA
1999-04-02,6.98,0.9,NA,NA,NA,NA,NA,NA
1999-04-09,6.92,1,NA,NA,NA,NA,NA,NA
1999-04-16,6.87,1,NA,TRUE,NA,NA,NA,NA
1999-04-23,6.88,1,NA,TRUE,NA,NA,NA,NA
1999-04-30,6.93,1,NA,NA,NA,NA,NA,NA
1999-05-07,7.02,1,NA,TRUE,NA,NA,NA,NA
1999-05-14,7.1,1,NA,TRUE,NA,NA,NA,NA
1999-05-21,7.23,1,NA,TRUE,NA,NA,NA,NA
1999-05-28,7.23,1,NA,TRUE,NA,NA,NA,NA
1999-06-04,7.41,1,NA,TRUE,NA,NA,NA,NA
1999-06-11,7.51,1,NA,TRUE,NA,NA,NA,NA
1999-06-18,7.65,1,NA,TRUE,NA,NA,NA,NA
1999-06-25,7.63,1,NA,NA,NA,NA,NA,NA
1999-07-02,7.71,1,NA,TRUE,NA,NA,NA,NA
1999-07-09,7.65,1,NA,TRUE,NA,NA,NA,NA
1999-07-16,7.58,1,NA,TRUE,NA,NA,NA,NA
1999-07-23,7.52,1,NA,TRUE,NA,NA,NA,NA
1999-07-30,7.7,1,NA,TRUE,NA,NA,NA,NA
1999-08-06,7.89,1,NA,TRUE,NA,NA,NA,NA
1999-08-13,8.15,1,NA,TRUE,NA,NA,NA,NA
1999-08-20,7.93,1,NA,TRUE,NA,NA,NA,NA
1999-08-27,7.8,1,NA,TRUE,NA,NA,NA,NA
1999-09-03,7.83,0.9,NA,NA,NA,NA,NA,NA
1999-09-10,7.88,1,NA,TRUE,NA,NA,NA,NA
1999-09-17,7.82,1,NA,TRUE,NA,NA,NA,NA
1999-09-24,7.76,1,NA,TRUE,NA,NA,NA,NA
1999-10-01,7.7,1,NA,NA,NA,NA,NA,NA
1999-10-08,7.82,1,NA,NA,NA,NA,NA,NA
1999-10-15,7.85,1,NA,TRUE,NA,NA,NA,NA
1999-10-22,7.93,1,NA,TRUE,NA,NA,NA,NA
1999-10-29,7.96,1,NA,TRUE,NA,NA,NA,NA
1999-11-05,7.84,1,NA,NA,NA,NA,NA,NA
1999-11-12,7.67,1,NA,TRUE,NA,NA,NA,NA
1999-11-19,7.69,1,NA,TRUE,NA,NA,NA,NA
1999-11-26,7.75,1,NA,TRUE,NA,NA,NA,NA
1999-12-03,7.84,1,NA,TRUE,NA,NA,NA,NA
1999-12-10,7.84,1,NA,TRUE,NA,NA,NA,NA
1999-12-17,7.86,1,NA,TRUE,NA,NA,NA,NA
1999-12-24,7.96,1,NA,TRUE,NA,NA,NA,NA
1999-12-31,8.06,1,NA,TRUE,NA,NA,NA,NA
2000-01-07,8.15,1,NA,TRUE,NA,NA,NA,NA
2000-01-14,8.18,1,NA,TRUE,NA,NA,NA,NA
2000-01-21,8.26,1,NA,TRUE,NA,NA,NA,NA
2000-01-28,8.25,1,NA,TRUE,NA,NA,NA,NA
2000-02-04,8.25,1,NA,TRUE,NA,NA,NA,NA
2000-02-11,8.36,1,NA,TRUE,NA,NA,NA,NA
2000-02-18,8.38,0.9,NA,NA,NA,NA,NA,NA
2000-02-25,8.31,1,NA,TRUE,NA,NA,NA,NA
2000-03-03,8.27,1,NA,TRUE,NA,NA,NA,NA
2000-03-10,8.23,0.9,NA,NA,NA,NA,NA,NA
2000-03-17,8.24,1,NA,NA,NA,NA,NA,NA
2000-03-24,8.23,1,NA,NA,NA,NA,NA,NA
2000-03-31,8.23,1,NA,TRUE,NA,NA,NA,NA
2000-04-07,8.2,1,NA,TRUE,NA,NA,NA,NA
2000-04-14,8.12,0.9,NA,TRUE,NA,NA,NA,NA
2000-04-21,8.16,1,NA,TRUE,NA,NA,NA,NA
2000-04-28,8.13,1,NA,TRUE,NA,NA,NA,NA
2000-05-05,8.28,1,NA,TRUE,NA,NA,NA,NA
2000-05-12,8.52,1,NA,TRUE,NA,NA,NA,NA
2000-05-19,8.64,1,NA,TRUE,NA,NA,NA,NA
2000-05-26,8.62,1,NA,TRUE,NA,NA,NA,NA
2000-06-02,8.54,0.9,NA,NA,NA,NA,NA,NA
2000-06-09,8.32,0.9,NA,NA,NA,NA,NA,NA
2000-06-16,8.22,1,NA,NA,NA,NA,NA,NA
2000-06-23,8.14,1,NA,TRUE,NA,NA,NA,NA
2000-06-30,8.22,0.9,NA,TRUE,NA,NA,NA,NA
2000-07-07,8.16,1,NA,TRUE,NA,NA,NA,NA
2000-07-14,8.09,0.9,NA,NA,NA,NA,NA,NA
2000-07-21,8.21,0.9,NA,NA,NA,NA,NA,NA
2000-07-28,8.13,0.9,NA,NA,NA,NA,NA,NA
2000-08-04,8.12,1,NA,TRUE,NA,NA,NA,NA
2000-08-11,8.04,0.9,NA,TRUE,NA,NA,NA,NA
2000-08-18,7.96,1,NA,TRUE,NA,NA,NA,NA
2000-08-25,7.99,1,NA,TRUE,NA,NA,NA,NA
2000-09-01,7.96,1,NA,TRUE,NA,NA,NA,NA
2000-09-08,7.94,1,NA,TRUE,NA,NA,NA,NA
2000-09-15,7.88,1,NA,TRUE,NA,NA,NA,NA
2000-09-22,7.9,1,NA,TRUE,NA,NA,NA,NA
2000-09-29,7.88,1,NA,TRUE,NA,NA,NA,NA
2000-10-06,7.83,1,NA,TRUE,NA,NA,NA,NA
2000-10-13,7.84,1,NA,TRUE,NA,NA,NA,NA
2000-10-20,7.83,0.9,NA,NA,NA,NA,NA,NA
2000-10-27,7.68,1,NA,NA,NA,NA,NA,NA
2000-11-03,7.73,0.9,NA,NA,NA,NA,NA,NA
2000-11-10,7.79,0.9,NA,TRUE,NA,NA,NA,NA
2000-11-17,7.73,0.9,NA,NA,NA,NA,NA,NA
2000-11-24,7.73,0.9,NA,NA,NA,NA,NA,NA
2000-12-01,7.65,0.9,NA,NA,NA,NA,NA,NA
2000-12-08,7.54,1,NA,TRUE,NA,NA,NA,NA
2000-12-15,7.42,0.9,NA,NA,NA,NA,NA,NA
2000-12-22,7.17,1,NA,TRUE,NA,NA,NA,NA
2000-12-29,7.13,1,NA,NA,NA,NA,NA,NA
2001-01-05,7.07,1,NA,TRUE,NA,NA,NA,NA
2001-01-12,6.89,0.9,NA,NA,NA,NA,NA,NA
2001-01-19,7.02,0.9,NA,NA,NA,NA,NA,NA
2001-01-26,7.15,0.8,NA,NA,NA,NA,NA,NA
2001-02-02,7.09,1,NA,TRUE,NA,NA,NA,NA
2001-02-09,6.98,1,NA,TRUE,NA,NA,NA,NA
2001-02-16,7.01,0.9,NA,NA,NA,NA,NA,NA
2001-02-23,7.12,0.9,NA,NA,NA,NA,NA,NA
2001-03-02,7.03,0.9,NA,TRUE,NA,NA,NA,NA
2001-03-09,6.97,0.9,NA,TRUE,NA,NA,NA,NA
2001-03-16,6.96,0.9,NA,TRUE,NA,NA,NA,NA
2001-03-23,6.89,1,NA,TRUE,NA,NA,NA,NA
2001-03-30,6.91,0.9,NA,NA,NA,NA,NA,NA
2001-04-06,7.01,0.9,NA,TRUE,NA,NA,NA,NA
2001-04-13,7.04,0.8,NA,NA,NA,NA,NA,NA
2001-04-20,7.14,0.9,NA,TRUE,NA,NA,NA,NA
2001-04-27,7.12,1,NA,TRUE,NA,NA,NA,NA
2001-05-04,7.14,0.9,NA,TRUE,NA,NA,NA,NA
2001-05-11,7.1,0.9,NA,TRUE,NA,NA,NA,NA
2001-05-18,7.14,1,NA,TRUE,NA,NA,NA,NA
2001-05-25,7.2,1,NA,TRUE,NA,NA,NA,NA
2001-06-01,7.24,0.9,NA,NA,NA,NA,NA,NA
2001-06-08,7.2,1,NA,TRUE,NA,NA,NA,NA
2001-06-15,7.14,0.9,NA,TRUE,NA,NA,NA,NA
2001-06-22,7.11,1,NA,TRUE,NA,NA,NA,NA
2001-06-29,7.11,1,NA,TRUE,NA,NA,NA,NA
2001-07-06,7.19,0.9,NA,NA,NA,NA,NA,NA
2001-07-13,7.21,0.9,NA,NA,NA,NA,NA,NA
2001-07-20,7.08,0.9,NA,NA,NA,NA,NA,NA
2001-07-27,7.03,0.9,NA,NA,NA,NA,NA,NA
2001-08-03,7,0.9,NA,NA,NA,NA,NA,NA
2001-08-10,7,0.9,NA,NA,NA,NA,NA,NA
2001-08-17,6.92,0.9,NA,NA,NA,NA,NA,NA
2001-08-24,6.91,0.9,NA,NA,NA,NA,NA,NA
2001-08-31,6.92,0.9,NA,NA,NA,NA,NA,NA
2001-09-07,6.89,0.9,NA,NA,NA,NA,NA,NA
2001-09-14,6.86,0.9,NA,NA,NA,NA,NA,NA
2001-09-21,6.8,0.9,NA,NA,NA,NA,NA,NA
2001-09-28,6.72,0.9,NA,NA,NA,NA,NA,NA
2001-10-05,6.64,0.8,NA,NA,NA,NA,NA,NA
2001-10-12,6.58,0.9,NA,NA,NA,NA,NA,NA
2001-10-19,6.61,0.9,NA,NA,NA,NA,NA,NA
2001-10-26,6.64,0.8,NA,NA,NA,NA,NA,NA
2001-11-02,6.56,0.9,NA,NA,NA,NA,NA,NA
2001-11-09,6.45,0.8,NA,NA,NA,NA,NA,NA
2001-11-16,6.51,0.8,NA,NA,NA,NA,NA,NA
2001-11-23,6.75,0.8,NA,NA,NA,NA,NA,NA
2001-11-30,7.02,0.7,NA,NA,NA,NA,NA,NA
2001-12-07,6.84,0.7,NA,NA,NA,NA,NA,NA
2001-12-14,7.09,0.8,NA,NA,NA,NA,NA,NA
2001-12-21,7.17,0.7,NA,NA,NA,NA,NA,NA
2001-12-28,7.16,0.8,NA,NA,NA,NA,NA,NA
2002-01-04,7.14,0.8,NA,NA,NA,NA,NA,NA
2002-01-11,7.06,0.8,NA,NA,NA,NA,NA,NA
2002-01-18,6.83,0.7,NA,NA,NA,NA,NA,NA
2002-01-25,6.96,0.7,NA,NA,NA,NA,NA,NA
2002-02-01,7.02,0.7,NA,NA,NA,NA,NA,NA
2002-02-08,6.88,0.7,NA,NA,NA,NA,NA,NA
2002-02-15,6.86,0.7,NA,NA,NA,NA,NA,NA
2002-02-22,6.81,0.7,NA,NA,NA,NA,NA,NA
2002-03-01,6.8,0.7,NA,NA,NA,NA,NA,NA
2002-03-08,6.87,0.7,NA,NA,NA,NA,NA,NA
2002-03-15,7.08,0.7,NA,NA,NA,NA,NA,NA
2002-03-22,7.14,0.7,NA,NA,NA,NA,NA,NA
2002-03-29,7.18,0.7,NA,NA,NA,NA,NA,NA
2002-04-05,7.13,0.7,NA,NA,NA,NA,NA,NA
2002-04-12,6.99,0.8,NA,NA,NA,NA,NA,NA
2002-04-19,6.94,0.7,NA,NA,NA,NA,NA,NA
2002-04-26,6.88,0.7,NA,NA,NA,NA,NA,NA
2002-05-03,6.78,0.7,NA,NA,NA,NA,NA,NA
2002-05-10,6.79,0.7,NA,NA,NA,NA,NA,NA
2002-05-17,6.89,0.7,NA,NA,NA,NA,NA,NA
2002-05-24,6.81,0.7,NA,NA,NA,NA,NA,NA
2002-05-31,6.76,0.8,NA,NA,NA,NA,NA,NA
2002-06-07,6.71,0.7,NA,NA,NA,NA,NA,NA
2002-06-14,6.71,0.7,NA,NA,NA,NA,NA,NA
2002-06-21,6.63,0.5,NA,NA,NA,NA,NA,NA
2002-06-28,6.55,0.5,NA,NA,NA,NA,NA,NA
2002-07-05,6.57,0.5,NA,NA,NA,NA,NA,NA
2002-07-12,6.54,0.5,NA,NA,NA,NA,NA,NA
2002-07-19,6.49,0.6,NA,NA,NA,NA,NA,NA
2002-07-26,6.34,0.6,NA,NA,NA,NA,NA,NA
2002-08-02,6.43,0.6,NA,NA,NA,NA,NA,NA
2002-08-09,6.31,0.6,NA,NA,NA,NA,NA,NA
2002-08-16,6.22,0.6,NA,NA,NA,NA,NA,NA
2002-08-23,6.27,0.7,NA,NA,NA,NA,NA,NA
2002-08-30,6.22,0.7,NA,NA,NA,NA,NA,NA
2002-09-06,6.15,0.6,NA,NA,NA,NA,NA,NA
2002-09-13,6.18,0.6,NA,NA,NA,NA,NA,NA
2002-09-20,6.05,0.7,NA,NA,NA,NA,NA,NA
2002-09-27,5.99,0.6,NA,NA,NA,NA,NA,NA
2002-10-04,6.01,0.5,NA,NA,NA,NA,NA,NA
2002-10-11,5.98,0.6,NA,NA,NA,NA,NA,NA
2002-10-18,6.15,0.5,NA,NA,NA,NA,NA,NA
2002-10-25,6.31,0.6,NA,NA,NA,NA,NA,NA
2002-11-01,6.13,0.6,NA,NA,NA,NA,NA,NA
2002-11-08,6.11,0.6,NA,NA,NA,NA,NA,NA
2002-11-15,5.94,0.6,NA,NA,NA,NA,NA,NA
2002-11-22,6.03,0.6,NA,NA,NA,NA,NA,NA
2002-11-29,6.13,0.6,NA,NA,NA,NA,NA,NA
2002-12-06,6.19,0.5,NA,NA,NA,NA,NA,NA
2002-12-13,6.04,0.5,NA,NA,NA,NA,NA,NA
2002-12-20,6.03,0.6,NA,NA,NA,NA,NA,NA
2002-12-27,5.93,0.6,NA,NA,NA,NA,NA,NA
2003-01-03,5.85,0.6,NA,NA,NA,NA,NA,NA
2003-01-10,5.95,0.5,NA,NA,NA,NA,NA,NA
2003-01-17,5.97,0.6,NA,NA,NA,NA,NA,NA
2003-01-24,5.91,0.6,NA,NA,NA,NA,NA,NA
2003-01-31,5.9,0.6,NA,NA,NA,NA,NA,NA
2003-02-07,5.88,0.7,NA,NA,NA,NA,NA,NA
2003-02-14,5.86,0.6,NA,NA,NA,NA,NA,NA
2003-02-21,5.84,0.6,NA,NA,NA,NA,NA,NA
2003-02-28,5.79,0.6,NA,NA,NA,NA,NA,NA
2003-03-07,5.67,0.6,NA,NA,NA,NA,NA,NA
2003-03-14,5.61,0.6,NA,NA,NA,NA,NA,NA
2003-03-21,5.79,0.6,NA,NA,NA,NA,NA,NA
2003-03-28,5.91,0.6,NA,NA,NA,NA,NA,NA
2003-04-04,5.79,0.6,NA,NA,NA,NA,NA,NA
2003-04-11,5.85,0.6,NA,NA,NA,NA,NA,NA
2003-04-18,5.82,0.6,NA,NA,NA,NA,NA,NA
2003-04-25,5.79,0.6,NA,NA,NA,NA,NA,NA
2003-05-02,5.7,0.6,NA,NA,NA,NA,NA,NA
2003-05-09,5.62,0.7,NA,NA,NA,NA,NA,NA
2003-05-16,5.45,0.6,NA,NA,NA,NA,NA,NA
2003-05-23,5.34,0.7,NA,NA,NA,NA,NA,NA
2003-05-30,5.31,0.6,NA,NA,NA,NA,NA,NA
2003-06-06,5.26,0.5,NA,NA,NA,NA,NA,NA
2003-06-13,5.21,0.5,NA,NA,NA,NA,NA,NA
2003-06-20,5.21,0.6,NA,NA,NA,NA,NA,NA
2003-06-27,5.24,0.6,NA,NA,NA,NA,NA,NA
2003-07-04,5.4,0.5,NA,NA,NA,NA,NA,NA
2003-07-11,5.52,0.6,NA,NA,NA,NA,NA,NA
2003-07-18,5.67,0.5,NA,NA,NA,NA,NA,NA
2003-07-25,5.94,0.4,NA,NA,NA,NA,NA,NA
2003-08-01,6.14,0.5,NA,NA,NA,NA,NA,NA
2003-08-08,6.34,0.7,NA,NA,NA,NA,NA,NA
2003-08-15,6.24,0.7,NA,NA,NA,NA,NA,NA
2003-08-22,6.28,0.8,NA,NA,NA,NA,NA,NA
2003-08-29,6.32,0.7,NA,NA,NA,NA,NA,NA
2003-09-05,6.44,0.6,NA,NA,NA,NA,NA,NA
2003-09-12,6.16,0.6,NA,NA,NA,NA,NA,NA
2003-09-19,6.01,0.5,NA,NA,NA,NA,NA,NA
2003-09-26,5.98,0.6,NA,NA,NA,NA,NA,NA
2003-10-03,5.77,0.6,NA,NA,NA,NA,NA,NA
2003-10-10,5.95,0.6,NA,NA,NA,NA,NA,NA
2003-10-17,6.05,0.5,NA,NA,NA,NA,NA,NA
2003-10-24,6.05,0.7,NA,NA,NA,NA,NA,NA
2003-10-31,5.94,0.6,NA,NA,NA,NA,NA,NA
2003-11-07,5.98,0.7,NA,NA,NA,NA,NA,NA
2003-11-14,6.03,0.6,NA,NA,NA,NA,NA,NA
2003-11-21,5.83,0.6,NA,NA,NA,NA,NA,NA
2003-11-28,5.89,0.6,NA,NA,NA,NA,NA,NA
2003-12-05,6.02,0.6,NA,NA,NA,NA,NA,NA
2003-12-12,5.88,0.7,NA,NA,NA,NA,NA,NA
2003-12-19,5.82,0.7,NA,NA,NA,NA,NA,NA
2003-12-26,5.81,0.7,NA,NA,NA,NA,NA,NA
2003-12-31,5.85,0.7,NA,NA,NA,NA,NA,NA
2004-01-08,5.87,0.7,NA,NA,NA,NA,NA,NA
2004-01-15,5.66,0.6,NA,NA,NA,NA,NA,NA
2004-01-22,5.64,0.6,NA,NA,NA,NA,NA,NA
2004-01-29,5.68,0.7,NA,NA,NA,NA,NA,NA
2004-02-05,5.72,0.6,NA,NA,NA,NA,NA,NA
2004-02-12,5.66,0.7,NA,NA,NA,NA,NA,NA
2004-02-19,5.58,0.6,NA,NA,NA,NA,NA,NA
2004-02-26,5.58,0.7,NA,NA,NA,NA,NA,NA
2004-03-04,5.59,0.7,NA,NA,NA,NA,NA,NA
2004-03-11,5.41,0.6,NA,NA,NA,NA,NA,NA
2004-03-18,5.38,0.7,NA,NA,NA,NA,NA,NA
2004-03-25,5.4,0.7,NA,NA,NA,NA,NA,NA
2004-04-01,5.52,0.6,NA,NA,NA,NA,NA,NA
2004-04-08,5.79,0.7,NA,NA,NA,NA,NA,NA
2004-04-15,5.89,0.6,NA,NA,NA,NA,NA,NA
2004-04-22,5.94,0.7,NA,NA,NA,NA,NA,NA
2004-04-29,6.01,0.7,NA,NA,NA,NA,NA,NA
2004-05-06,6.12,0.7,NA,NA,NA,NA,NA,NA
2004-05-13,6.34,0.7,NA,NA,NA,NA,NA,NA
2004-05-20,6.3,0.7,NA,NA,NA,NA,NA,NA
2004-05-27,6.32,0.6,NA,NA,NA,NA,NA,NA
2004-06-03,6.28,0.7,NA,NA,NA,NA,NA,NA
2004-06-10,6.3,0.7,NA,NA,NA,NA,NA,NA
2004-06-17,6.32,0.5,NA,NA,NA,NA,NA,NA
2004-06-24,6.25,0.6,NA,NA,NA,NA,NA,NA
2004-07-01,6.21,0.6,NA,NA,NA,NA,NA,NA
2004-07-08,6.01,0.6,NA,NA,NA,NA,NA,NA
2004-07-15,6,0.6,NA,NA,NA,NA,NA,NA
2004-07-22,5.98,0.6,NA,NA,NA,NA,NA,NA
2004-07-29,6.08,0.6,NA,NA,NA,NA,NA,NA
2004-08-05,5.99,0.7,NA,NA,NA,NA,NA,NA
2004-08-12,5.85,0.6,NA,NA,NA,NA,NA,NA
2004-08-19,5.81,0.7,NA,NA,NA,NA,NA,NA
2004-08-26,5.82,0.7,NA,NA,NA,NA,NA,NA
2004-09-02,5.77,0.8,NA,NA,NA,NA,NA,NA
2004-09-09,5.83,0.8,NA,NA,NA,NA,NA,NA
2004-09-16,5.75,0.8,NA,NA,NA,NA,NA,NA
2004-09-23,5.7,0.7,NA,NA,NA,NA,NA,NA
2004-09-30,5.72,0.6,NA,NA,NA,NA,NA,NA
2004-10-07,5.82,0.6,NA,NA,NA,NA,NA,NA
2004-10-14,5.74,0.6,NA,NA,NA,NA,NA,NA
2004-10-21,5.69,0.7,NA,NA,NA,NA,NA,NA
2004-10-28,5.64,0.7,NA,NA,NA,NA,NA,NA
2004-11-04,5.7,0.6,NA,NA,NA,NA,NA,NA
2004-11-11,5.76,0.7,NA,NA,NA,NA,NA,NA
2004-11-18,5.74,0.6,NA,NA,NA,NA,NA,NA
2004-11-24,5.72,0.6,NA,NA,NA,NA,NA,NA
2004-12-02,5.81,0.6,NA,NA,NA,NA,NA,NA
2004-12-09,5.71,0.7,NA,NA,NA,NA,NA,NA
2004-12-16,5.68,0.6,NA,NA,NA,NA,NA,NA
2004-12-22,5.75,0.6,NA,NA,NA,NA,NA,NA
2004-12-29,5.81,0.6,NA,NA,NA,NA,NA,NA
2005-01-06,5.77,0.7,NA,NA,NA,NA,NA,NA
2005-01-13,5.74,0.6,NA,NA,NA,NA,NA,NA
2005-01-20,5.67,0.7,NA,NA,NA,NA,NA,NA
2005-01-27,5.66,0.6,NA,NA,NA,NA,NA,NA
2005-02-03,5.63,0.7,NA,NA,NA,NA,NA,NA
2005-02-10,5.57,0.8,NA,NA,NA,NA,NA,NA
2005-02-17,5.62,0.7,NA,NA,NA,NA,NA,NA
2005-02-24,5.69,0.7,NA,NA,NA,NA,NA,NA
2005-03-03,5.79,0.7,NA,NA,NA,NA,NA,NA
2005-03-10,5.85,0.6,NA,NA,NA,NA,NA,NA
2005-03-17,5.95,0.7,NA,NA,NA,NA,NA,NA
2005-03-24,6.01,0.7,NA,NA,NA,NA,NA,NA
2005-03-31,6.04,0.7,NA,NA,NA,NA,NA,NA
2005-04-07,5.93,0.7,NA,NA,NA,NA,NA,NA
2005-04-14,5.91,0.7,NA,NA,NA,NA,NA,NA
2005-04-21,5.8,0.5,NA,NA,NA,NA,NA,NA
2005-04-28,5.78,0.6,NA,NA,NA,NA,NA,NA
2005-05-05,5.75,0.6,NA,NA,NA,NA,NA,NA
2005-05-12,5.77,0.5,NA,NA,NA,NA,NA,NA
2005-05-19,5.71,0.7,NA,NA,NA,NA,NA,NA
2005-05-26,5.65,0.6,NA,NA,NA,NA,NA,NA
2005-06-02,5.62,0.6,NA,NA,NA,NA,NA,NA
2005-06-09,5.56,0.6,NA,NA,NA,NA,NA,NA
2005-06-16,5.63,0.5,NA,NA,NA,NA,NA,NA
2005-06-23,5.57,0.6,NA,NA,NA,NA,NA,NA
2005-06-30,5.53,0.6,NA,NA,NA,NA,NA,NA
2005-07-07,5.62,0.6,NA,NA,NA,NA,NA,NA
2005-07-14,5.66,0.6,NA,NA,NA,NA,NA,NA
2005-07-21,5.73,0.4,NA,NA,NA,NA,NA,NA
2005-07-28,5.77,0.5,NA,NA,NA,NA,NA,NA
2005-08-04,5.82,0.6,NA,NA,NA,NA,NA,NA
2005-08-11,5.89,0.5,NA,NA,NA,NA,NA,NA
2005-08-18,5.8,0.5,NA,NA,NA,NA,NA,NA
2005-08-25,5.77,0.5,NA,NA,NA,NA,NA,NA
2005-09-01,5.71,0.6,NA,NA,NA,NA,NA,NA
2005-09-08,5.71,0.6,NA,NA,NA,NA,NA,NA
2005-09-15,5.74,0.6,NA,NA,NA,NA,NA,NA
2005-09-22,5.8,0.6,NA,NA,NA,NA,NA,NA
2005-09-29,5.91,0.5,NA,NA,NA,NA,NA,NA
2005-10-06,5.98,0.5,NA,NA,NA,NA,NA,NA
2005-10-13,6.03,0.6,NA,NA,NA,NA,NA,NA
2005-10-20,6.1,0.5,NA,NA,NA,NA,NA,NA
2005-10-27,6.15,0.5,NA,NA,NA,NA,NA,NA
2005-11-03,6.31,0.5,NA,NA,NA,NA,NA,NA
2005-11-10,6.36,0.5,NA,NA,NA,NA,NA,NA
2005-11-17,6.37,0.6,NA,NA,NA,NA,NA,NA
2005-11-23,6.28,0.6,NA,NA,NA,NA,NA,NA
2005-12-01,6.26,0.5,NA,NA,NA,NA,NA,NA
2005-12-08,6.32,0.6,NA,NA,NA,NA,NA,NA
2005-12-15,6.3,0.5,NA,NA,NA,NA,NA,NA
2005-12-22,6.26,0.6,NA,NA,NA,NA,NA,NA
2005-12-29,6.22,0.5,NA,NA,NA,NA,NA,NA
2006-01-05,6.21,0.5,NA,NA,NA,NA,NA,NA
2006-01-12,6.15,0.6,NA,NA,NA,NA,NA,NA
2006-01-19,6.1,0.5,NA,NA,NA,NA,NA,NA
2006-01-26,6.12,0.5,NA,NA,NA,NA,NA,NA
2006-02-02,6.23,0.5,NA,NA,NA,NA,NA,NA
2006-02-09,6.24,0.6,NA,NA,NA,NA,NA,NA
2006-02-16,6.28,0.5,NA,NA,NA,NA,NA,NA
2006-02-23,6.26,0.6,NA,NA,NA,NA,NA,NA
2006-03-02,6.24,0.6,NA,NA,NA,NA,NA,NA
2006-03-09,6.37,0.6,NA,NA,NA,NA,NA,NA
2006-03-16,6.34,0.7,NA,NA,NA,NA,NA,NA
2006-03-23,6.32,0.6,NA,NA,NA,NA,NA,NA
2006-03-30,6.35,0.5,NA,NA,NA,NA,NA,NA
2006-04-06,6.43,0.6,NA,NA,NA,NA,NA,NA
2006-04-13,6.49,0.6,NA,NA,NA,NA,NA,NA
2006-04-20,6.53,0.6,NA,NA,NA,NA,NA,NA
2006-04-27,6.58,0.5,NA,NA,NA,NA,NA,NA
2006-05-04,6.59,0.6,NA,NA,NA,NA,NA,NA
2006-05-11,6.58,0.5,NA,NA,NA,NA,NA,NA
2006-05-18,6.6,0.5,NA,NA,NA,NA,NA,NA
2006-05-25,6.62,0.4,NA,NA,NA,NA,NA,NA
2006-06-01,6.67,0.4,NA,NA,NA,NA,NA,NA
2006-06-08,6.62,0.5,NA,NA,NA,NA,NA,NA
2006-06-15,6.63,0.5,NA,NA,NA,NA,NA,NA
2006-06-22,6.71,0.5,NA,NA,NA,NA,NA,NA
2006-06-29,6.78,0.5,NA,NA,NA,NA,NA,NA
2006-07-06,6.79,0.5,NA,NA,NA,NA,NA,NA
2006-07-13,6.74,0.6,NA,NA,NA,NA,NA,NA
2006-07-20,6.8,0.5,NA,NA,NA,NA,NA,NA
2006-07-27,6.72,0.3,NA,NA,NA,NA,NA,NA
2006-08-03,6.63,0.3,NA,NA,NA,NA,NA,NA
2006-08-10,6.55,0.4,NA,NA,NA,NA,NA,NA
2006-08-17,6.52,0.3,NA,NA,NA,NA,NA,NA
2006-08-24,6.48,0.4,NA,NA,NA,NA,NA,NA
2006-08-31,6.44,0.4,NA,NA,NA,NA,NA,NA
2006-09-07,6.47,0.4,NA,NA,NA,NA,NA,NA
2006-09-14,6.43,0.5,NA,NA,NA,NA,NA,NA
2006-09-21,6.4,0.5,NA,NA,NA,NA,NA,NA
2006-09-28,6.31,0.4,NA,NA,NA,NA,NA,NA
2006-10-05,6.3,0.3,NA,NA,NA,NA,NA,NA
2006-10-12,6.37,0.5,NA,NA,NA,NA,NA,NA
2006-10-19,6.36,0.5,NA,NA,NA,NA,NA,NA
2006-10-26,6.4,0.4,NA,NA,NA,NA,NA,NA
2006-11-02,6.31,0.4,NA,NA,NA,NA,NA,NA
2006-11-09,6.33,0.6,NA,NA,NA,NA,NA,NA
2006-11-16,6.24,0.5,NA,NA,NA,NA,NA,NA
2006-11-22,6.18,0.5,NA,NA,NA,NA,NA,NA
2006-11-30,6.14,0.4,NA,NA,NA,NA,NA,NA
2006-12-07,6.11,0.5,NA,NA,NA,NA,NA,NA
2006-12-14,6.12,0.4,NA,NA,NA,NA,NA,NA
2006-12-21,6.13,0.4,NA,NA,NA,NA,NA,NA
2006-12-28,6.18,0.4,NA,NA,NA,NA,NA,NA
2007-01-04,6.18,0.4,NA,NA,NA,NA,NA,NA
2007-01-11,6.21,0.4,NA,NA,NA,NA,NA,NA
2007-01-18,6.23,0.4,NA,NA,NA,NA,NA,NA
2007-01-25,6.25,0.4,NA,NA,NA,NA,NA,NA
2007-02-01,6.34,0.4,NA,NA,NA,NA,NA,NA
2007-02-08,6.28,0.3,NA,NA,NA,NA,NA,NA
2007-02-15,6.3,0.4,NA,NA,NA,NA,NA,NA
2007-02-22,6.22,0.5,NA,NA,NA,NA,NA,NA
2007-03-01,6.18,0.4,NA,NA,NA,NA,NA,NA
2007-03-08,6.14,0.5,NA,NA,NA,NA,NA,NA
2007-03-15,6.14,0.4,NA,NA,NA,NA,NA,NA
2007-03-22,6.16,0.4,NA,NA,NA,NA,NA,NA
2007-03-29,6.16,0.4,NA,NA,NA,NA,NA,NA
2007-04-05,6.17,0.4,NA,NA,NA,NA,NA,NA
2007-04-12,6.22,0.4,NA,NA,NA,NA,NA,NA
2007-04-19,6.17,0.5,NA,NA,NA,NA,NA,NA
2007-04-26,6.16,0.5,NA,NA,NA,NA,NA,NA
2007-05-03,6.16,0.5,NA,NA,NA,NA,NA,NA
2007-05-10,6.15,0.5,NA,NA,NA,NA,NA,NA
2007-05-17,6.21,0.4,NA,NA,NA,NA,NA,NA
2007-05-24,6.37,0.4,NA,NA,NA,NA,NA,NA
2007-05-31,6.42,0.4,NA,NA,NA,NA,NA,NA
2007-06-07,6.53,0.4,NA,NA,NA,NA,NA,NA
2007-06-14,6.74,0.4,NA,NA,NA,NA,NA,NA
2007-06-21,6.69,0.5,NA,NA,NA,NA,NA,NA
2007-06-28,6.67,0.4,NA,NA,NA,NA,NA,NA
2007-07-05,6.63,0.4,NA,NA,NA,NA,NA,NA
2007-07-12,6.73,0.4,NA,NA,NA,NA,NA,NA
2007-07-19,6.73,0.4,NA,NA,NA,NA,NA,NA
2007-07-26,6.69,0.4,NA,NA,NA,NA,NA,NA
2007-08-02,6.68,0.3,NA,NA,NA,NA,NA,NA
2007-08-09,6.59,0.4,NA,NA,NA,NA,NA,NA
2007-08-16,6.62,0.4,NA,NA,NA,NA,NA,NA
2007-08-23,6.52,0.4,NA,NA,NA,NA,NA,NA
2007-08-30,6.45,0.5,NA,NA,NA,NA,NA,NA
2007-09-06,6.46,0.5,NA,NA,NA,NA,NA,NA
2007-09-13,6.31,0.5,NA,NA,NA,NA,NA,NA
2007-09-20,6.34,0.5,NA,NA,NA,NA,NA,NA
2007-09-27,6.42,0.5,NA,NA,NA,NA,NA,NA
2007-10-04,6.37,0.5,NA,NA,NA,NA,NA,NA
2007-10-11,6.4,0.4,NA,NA,NA,NA,NA,NA
2007-10-18,6.4,0.5,NA,NA,NA,NA,NA,NA
2007-10-25,6.33,0.5,NA,NA,NA,NA,NA,NA
2007-11-01,6.26,0.4,NA,NA,NA,NA,NA,NA
2007-11-08,6.24,0.4,NA,NA,NA,NA,NA,NA
2007-11-15,6.24,0.4,NA,NA,NA,NA,NA,NA
2007-11-21,6.2,0.5,NA,NA,NA,NA,NA,NA
2007-11-29,6.1,0.5,NA,NA,NA,NA,NA,NA
2007-12-06,5.96,0.4,NA,NA,NA,NA,NA,NA
2007-12-13,6.11,0.5,NA,NA,NA,NA,NA,NA
2007-12-20,6.14,0.4,NA,NA,NA,NA,NA,NA
2007-12-27,6.17,0.5,NA,NA,NA,NA,NA,NA
2008-01-03,6.07,0.5,NA,NA,NA,NA,NA,NA
2008-01-10,5.87,0.4,NA,NA,NA,NA,NA,NA
2008-01-17,5.69,0.5,NA,NA,NA,NA,NA,NA
2008-01-24,5.48,0.4,NA,NA,NA,NA,NA,NA
2008-01-31,5.68,0.4,NA,NA,NA,NA,NA,NA
2008-02-07,5.67,0.4,NA,NA,NA,NA,NA,NA
2008-02-14,5.72,0.4,NA,NA,NA,NA,NA,NA
2008-02-21,6.04,0.6,NA,NA,NA,NA,NA,NA
2008-02-28,6.24,0.5,NA,NA,NA,NA,NA,NA
2008-03-06,6.03,0.5,NA,NA,NA,NA,NA,NA
2008-03-13,6.13,0.5,NA,NA,NA,NA,NA,NA
2008-03-20,5.87,0.5,NA,NA,NA,NA,NA,NA
2008-03-27,5.85,0.4,NA,NA,NA,NA,NA,NA
2008-04-03,5.88,0.5,NA,NA,NA,NA,NA,NA
2008-04-10,5.88,0.4,NA,NA,NA,NA,NA,NA
2008-04-17,5.88,0.4,NA,NA,NA,NA,NA,NA
2008-04-24,6.03,0.3,NA,NA,NA,NA,NA,NA
2008-05-01,6.06,0.5,NA,NA,NA,NA,NA,NA
2008-05-08,6.05,0.3,NA,NA,NA,NA,NA,NA
2008-05-15,6.01,0.6,NA,NA,NA,NA,NA,NA
2008-05-22,5.98,0.5,NA,NA,NA,NA,NA,NA
2008-05-29,6.08,0.6,NA,NA,NA,NA,NA,NA
2008-06-05,6.09,0.6,NA,NA,NA,NA,NA,NA
2008-06-12,6.32,0.7,NA,NA,NA,NA,NA,NA
2008-06-19,6.42,0.7,NA,NA,NA,NA,NA,NA
2008-06-26,6.45,0.6,NA,NA,NA,NA,NA,NA
2008-07-03,6.35,0.6,NA,NA,NA,NA,NA,NA
2008-07-10,6.37,0.6,NA,NA,NA,NA,NA,NA
2008-07-17,6.26,0.6,NA,NA,NA,NA,NA,NA
2008-07-24,6.63,0.6,NA,NA,NA,NA,NA,NA
2008-07-31,6.52,0.7,NA,NA,NA,NA,NA,NA
2008-08-07,6.52,0.7,NA,NA,NA,NA,NA,NA
2008-08-14,6.52,0.7,NA,NA,NA,NA,NA,NA
2008-08-21,6.47,0.7,NA,NA,NA,NA,NA,NA
2008-08-28,6.4,0.6,NA,NA,NA,NA,NA,NA
2008-09-04,6.35,0.7,NA,NA,NA,NA,NA,NA
2008-09-11,5.93,0.7,NA,NA,NA,NA,NA,NA
2008-09-18,5.78,0.6,NA,NA,NA,NA,NA,NA
2008-09-25,6.09,0.7,NA,NA,NA,NA,NA,NA
2008-10-02,6.1,0.6,NA,NA,NA,NA,NA,NA
2008-10-09,5.94,0.6,NA,NA,NA,NA,NA,NA
2008-10-16,6.46,0.6,NA,NA,NA,NA,NA,NA
2008-10-23,6.04,0.6,NA,NA,NA,NA,NA,NA
2008-10-30,6.46,0.7,NA,NA,NA,NA,NA,NA
2008-11-06,6.2,0.7,NA,NA,NA,NA,NA,NA
2008-11-13,6.14,0.7,NA,NA,NA,NA,NA,NA
2008-11-20,6.04,0.7,NA,NA,NA,NA,NA,NA
2008-11-26,5.97,0.7,NA,NA,NA,NA,NA,NA
2008-12-04,5.53,0.7,NA,NA,NA,NA,NA,NA
2008-12-11,5.47,0.7,NA,NA,NA,NA,NA,NA
2008-12-18,5.19,0.7,NA,NA,NA,NA,NA,NA
2008-12-24,5.14,0.8,NA,NA,NA,NA,NA,NA
2008-12-31,5.1,0.7,NA,NA,NA,NA,NA,NA
2009-01-08,5.01,0.6,NA,NA,NA,NA,NA,NA
2009-01-15,4.96,0.7,NA,NA,NA,NA,NA,NA
2009-01-22,5.12,0.7,NA,NA,NA,NA,NA,NA
2009-01-29,5.1,0.7,NA,NA,NA,NA,NA,NA
2009-02-05,5.25,0.8,NA,NA,NA,NA,NA,NA
2009-02-12,5.16,0.7,NA,NA,NA,NA,NA,NA
2009-02-19,5.04,0.7,NA,NA,NA,NA,NA,NA
2009-02-26,5.07,0.7,NA,NA,NA,NA,NA,NA
2009-03-05,5.15,0.7,NA,NA,NA,NA,NA,NA
2009-03-12,5.03,0.7,NA,NA,NA,NA,NA,NA
2009-03-19,4.98,0.7,NA,NA,NA,NA,NA,NA
2009-03-26,4.85,0.7,NA,NA,NA,NA,NA,NA
2009-04-02,4.78,0.7,NA,NA,NA,NA,NA,NA
2009-04-09,4.87,0.7,NA,NA,NA,NA,NA,NA
2009-04-16,4.82,0.6,NA,NA,NA,NA,NA,NA
2009-04-23,4.8,0.7,NA,NA,NA,NA,NA,NA
2009-04-30,4.78,0.7,NA,NA,NA,NA,NA,NA
2009-05-07,4.84,0.7,NA,NA,NA,NA,NA,NA
2009-05-14,4.86,0.6,NA,NA,NA,NA,NA,NA
2009-05-21,4.82,0.7,NA,NA,NA,NA,NA,NA
2009-05-28,4.91,0.7,NA,NA,NA,NA,NA,NA
2009-06-04,5.29,0.7,NA,NA,NA,NA,NA,NA
2009-06-11,5.59,0.7,NA,NA,NA,NA,NA,NA
2009-06-18,5.38,0.7,NA,NA,NA,NA,NA,NA
2009-06-25,5.42,0.7,NA,NA,NA,NA,NA,NA
2009-07-02,5.32,0.7,NA,NA,NA,NA,NA,NA
2009-07-09,5.2,0.7,NA,NA,NA,NA,NA,NA
2009-07-16,5.14,0.7,NA,NA,NA,NA,NA,NA
2009-07-23,5.2,0.7,NA,NA,NA,NA,NA,NA
2009-07-30,5.25,0.7,NA,NA,NA,NA,NA,NA
2009-08-06,5.22,0.6,NA,NA,NA,NA,NA,NA
2009-08-13,5.29,0.7,NA,NA,NA,NA,NA,NA
2009-08-20,5.12,0.7,NA,NA,NA,NA,NA,NA
2009-08-27,5.14,0.7,NA,NA,NA,NA,NA,NA
2009-09-03,5.08,0.7,NA,NA,NA,NA,NA,NA
2009-09-10,5.07,0.7,NA,NA,NA,NA,NA,NA
2009-09-17,5.04,0.7,NA,NA,NA,NA,NA,NA
2009-09-24,5.04,0.6,NA,NA,NA,NA,NA,NA
2009-10-01,4.94,0.7,NA,NA,NA,NA,NA,NA
2009-10-08,4.87,0.7,NA,NA,NA,NA,NA,NA
2009-10-15,4.92,0.7,NA,NA,NA,NA,NA,NA
2009-10-22,5,0.7,NA,NA,NA,NA,NA,NA
2009-10-29,5.03,0.7,NA,NA,NA,NA,NA,NA
2009-11-05,4.98,0.7,NA,NA,NA,NA,NA,NA
2009-11-12,4.91,0.7,NA,NA,NA,NA,NA,NA
2009-11-19,4.83,0.7,NA,NA,NA,NA,NA,NA
2009-11-25,4.78,0.7,NA,NA,NA,NA,NA,NA
2009-12-03,4.71,0.7,NA,NA,NA,NA,NA,NA
2009-12-10,4.81,0.7,NA,NA,NA,NA,NA,NA
2009-12-17,4.94,0.7,NA,NA,NA,NA,NA,NA
2009-12-24,5.05,0.7,NA,NA,NA,NA,NA,NA
2009-12-31,5.14,0.7,NA,NA,NA,NA,NA,NA
2010-01-07,5.09,0.7,NA,NA,NA,NA,NA,NA
2010-01-14,5.06,0.7,NA,NA,NA,NA,NA,NA
2010-01-21,4.99,0.7,NA,NA,NA,NA,NA,NA
2010-01-28,4.98,0.6,NA,NA,NA,NA,NA,NA
2010-02-04,5.01,0.7,NA,NA,NA,NA,NA,NA
2010-02-11,4.97,0.7,NA,NA,NA,NA,NA,NA
2010-02-18,4.93,0.7,NA,NA,NA,NA,NA,NA
2010-02-25,5.05,0.7,NA,NA,NA,NA,NA,NA
2010-03-04,4.97,0.7,NA,NA,NA,NA,NA,NA
2010-03-11,4.95,0.7,NA,NA,NA,NA,NA,NA
2010-03-18,4.96,0.7,NA,NA,NA,NA,NA,NA
2010-03-25,4.99,0.6,NA,NA,NA,NA,NA,NA
2010-04-01,5.08,0.7,NA,NA,NA,NA,NA,NA
2010-04-08,5.21,0.6,NA,NA,NA,NA,NA,NA
2010-04-15,5.07,0.6,NA,NA,NA,NA,NA,NA
2010-04-22,5.07,0.7,NA,NA,NA,NA,NA,NA
2010-04-29,5.06,0.7,NA,NA,NA,NA,NA,NA
2010-05-06,5,0.7,NA,NA,NA,NA,NA,NA
2010-05-13,4.93,0.7,NA,NA,NA,NA,NA,NA
2010-05-20,4.84,0.7,NA,NA,NA,NA,NA,NA
2010-05-27,4.78,0.7,NA,NA,NA,NA,NA,NA
2010-06-03,4.79,0.8,NA,NA,NA,NA,NA,NA
2010-06-10,4.72,0.7,NA,NA,NA,NA,NA,NA
2010-06-17,4.75,0.7,NA,NA,NA,NA,NA,NA
2010-06-24,4.69,0.7,NA,NA,NA,NA,NA,NA
2010-07-01,4.58,0.7,NA,NA,NA,NA,NA,NA
2010-07-08,4.57,0.7,NA,NA,NA,NA,NA,NA
2010-07-15,4.57,0.7,NA,NA,NA,NA,NA,NA
2010-07-22,4.56,0.7,NA,NA,NA,NA,NA,NA
2010-07-29,4.54,0.7,NA,NA,NA,NA,NA,NA
2010-08-05,4.49,0.7,NA,NA,NA,NA,NA,NA
2010-08-12,4.44,0.7,NA,NA,NA,NA,NA,NA
2010-08-19,4.42,0.7,NA,NA,NA,NA,NA,NA
2010-08-26,4.36,0.7,NA,NA,NA,NA,NA,NA
2010-09-02,4.32,0.7,NA,NA,NA,NA,NA,NA
2010-09-09,4.35,0.7,NA,NA,NA,NA,NA,NA
2010-09-16,4.37,0.7,NA,NA,NA,NA,NA,NA
2010-09-23,4.37,0.7,NA,NA,NA,NA,NA,NA
2010-09-30,4.32,0.8,NA,NA,NA,NA,NA,NA
2010-10-07,4.27,0.8,NA,NA,NA,NA,NA,NA
2010-10-14,4.19,0.8,NA,NA,NA,NA,NA,NA
2010-10-21,4.21,0.8,NA,NA,NA,NA,NA,NA
2010-10-28,4.23,0.8,NA,NA,NA,NA,NA,NA
2010-11-04,4.24,0.8,NA,NA,NA,NA,NA,NA
2010-11-11,4.17,0.8,NA,NA,NA,NA,NA,NA
2010-11-18,4.39,0.9,NA,NA,NA,NA,NA,NA
2010-11-24,4.4,0.8,NA,NA,NA,NA,NA,NA
2010-12-02,4.46,0.8,NA,NA,NA,NA,NA,NA
2010-12-09,4.61,0.7,NA,NA,NA,NA,NA,NA
2010-12-16,4.83,0.7,NA,NA,NA,NA,NA,NA
2010-12-23,4.81,0.7,NA,NA,NA,NA,NA,NA
2010-12-30,4.86,0.8,NA,NA,NA,NA,NA,NA
2011-01-06,4.77,0.8,NA,NA,NA,NA,NA,NA
2011-01-13,4.71,0.8,NA,NA,NA,NA,NA,NA
2011-01-20,4.74,0.8,NA,NA,NA,NA,NA,NA
2011-01-27,4.8,0.7,NA,NA,NA,NA,NA,NA
2011-02-03,4.81,0.8,NA,NA,NA,NA,NA,NA
2011-02-10,5.05,0.7,NA,NA,NA,NA,NA,NA
2011-02-17,5,0.7,NA,NA,NA,NA,NA,NA
2011-02-24,4.95,0.6,NA,NA,NA,NA,NA,NA
2011-03-03,4.87,0.7,NA,NA,NA,NA,NA,NA
2011-03-10,4.88,0.7,NA,NA,NA,NA,NA,NA
2011-03-17,4.76,0.7,NA,NA,NA,NA,NA,NA
2011-03-24,4.81,0.7,NA,NA,NA,NA,NA,NA
2011-03-31,4.86,0.7,NA,NA,NA,NA,NA,NA
2011-04-07,4.87,0.7,NA,NA,NA,NA,NA,NA
2011-04-14,4.91,0.6,NA,NA,NA,NA,NA,NA
2011-04-21,4.8,0.7,NA,NA,NA,NA,NA,NA
2011-04-28,4.78,0.7,NA,NA,NA,NA,NA,NA
2011-05-05,4.71,0.7,NA,NA,NA,NA,NA,NA
2011-05-12,4.63,0.7,NA,NA,NA,NA,NA,NA
2011-05-19,4.61,0.7,NA,NA,NA,NA,NA,NA
2011-05-26,4.6,0.7,NA,NA,NA,NA,NA,NA
2011-06-02,4.55,0.6,NA,NA,NA,NA,NA,NA
2011-06-09,4.49,0.7,NA,NA,NA,NA,NA,NA
2011-06-16,4.5,0.7,NA,NA,NA,NA,NA,NA
2011-06-23,4.5,0.8,NA,NA,NA,NA,NA,NA
2011-06-30,4.51,0.7,NA,NA,NA,NA,NA,NA
2011-07-07,4.6,0.7,NA,NA,NA,NA,NA,NA
2011-07-14,4.51,0.7,NA,NA,NA,NA,NA,NA
2011-07-21,4.52,0.7,NA,NA,NA,NA,NA,NA
2011-07-28,4.55,0.8,NA,NA,NA,NA,NA,NA
2011-08-04,4.39,0.8,NA,NA,NA,NA,NA,NA
2011-08-11,4.32,0.7,NA,NA,NA,NA,NA,NA
2011-08-18,4.15,0.7,NA,NA,NA,NA,NA,NA
2011-08-25,4.22,0.7,NA,NA,NA,NA,NA,NA
2011-09-01,4.22,0.7,NA,NA,NA,NA,NA,NA
2011-09-08,4.12,0.7,NA,NA,NA,NA,NA,NA
2011-09-15,4.09,0.7,NA,NA,NA,NA,NA,NA
2011-09-22,4.09,0.7,NA,NA,NA,NA,NA,NA
2011-09-29,4.01,0.7,NA,NA,NA,NA,NA,NA
2011-10-06,3.94,0.8,NA,NA,NA,NA,NA,NA
2011-10-13,4.12,0.8,NA,NA,NA,NA,NA,NA
2011-10-20,4.11,0.8,NA,NA,NA,NA,NA,NA
2011-10-27,4.1,0.8,NA,NA,NA,NA,NA,NA
2011-11-03,4,0.7,NA,NA,NA,NA,NA,NA
2011-11-10,3.99,0.7,NA,NA,NA,NA,NA,NA
2011-11-17,4,0.7,NA,NA,NA,NA,NA,NA
2011-11-23,3.98,0.7,NA,NA,NA,NA,NA,NA
2011-12-01,4,0.7,NA,NA,NA,NA,NA,NA
2011-12-08,3.99,0.7,NA,NA,NA,NA,NA,NA
2011-12-15,3.94,0.8,NA,NA,NA,NA,NA,NA
2011-12-22,3.91,0.7,NA,NA,NA,NA,NA,NA
2011-12-29,3.95,0.7,NA,NA,NA,NA,NA,NA
2012-01-05,3.91,0.8,NA,NA,NA,NA,NA,NA
2012-01-12,3.89,0.7,NA,NA,NA,NA,NA,NA
2012-01-19,3.88,0.8,NA,NA,NA,NA,NA,NA
2012-01-26,3.98,0.7,NA,NA,NA,NA,NA,NA
2012-02-02,3.87,0.8,NA,NA,NA,NA,NA,NA
2012-02-09,3.87,0.8,NA,NA,NA,NA,NA,NA
2012-02-16,3.87,0.8,NA,NA,NA,NA,NA,NA
2012-02-23,3.95,0.8,NA,NA,NA,NA,NA,NA
2012-03-01,3.9,0.8,NA,NA,NA,NA,NA,NA
2012-03-08,3.88,0.8,NA,NA,NA,NA,NA,NA
2012-03-15,3.92,0.8,NA,NA,NA,NA,NA,NA
2012-03-22,4.08,0.8,NA,NA,NA,NA,NA,NA
2012-03-29,3.99,0.7,NA,NA,NA,NA,NA,NA
2012-04-05,3.98,0.7,NA,NA,NA,NA,NA,NA
2012-04-12,3.88,0.7,NA,NA,NA,NA,NA,NA
2012-04-19,3.9,0.8,NA,NA,NA,NA,NA,NA
2012-04-26,3.88,0.7,NA,NA,NA,NA,NA,NA
2012-05-03,3.84,0.8,NA,NA,NA,NA,NA,NA
2012-05-10,3.83,0.7,NA,NA,NA,NA,NA,NA
2012-05-17,3.79,0.7,NA,NA,NA,NA,NA,NA
2012-05-24,3.78,0.8,NA,NA,NA,NA,NA,NA
2012-05-31,3.75,0.8,NA,NA,NA,NA,NA,NA
2012-06-07,3.67,0.7,NA,NA,NA,NA,NA,NA
2012-06-14,3.71,0.7,NA,NA,NA,NA,NA,NA
2012-06-21,3.66,0.7,NA,NA,NA,NA,NA,NA
2012-06-28,3.66,0.7,NA,NA,NA,NA,NA,NA
2012-07-05,3.62,0.8,NA,NA,NA,NA,NA,NA
2012-07-12,3.56,0.7,NA,NA,NA,NA,NA,NA
2012-07-19,3.53,0.7,NA,NA,NA,NA,NA,NA
2012-07-26,3.49,0.7,NA,NA,NA,NA,NA,NA
2012-08-02,3.55,0.7,NA,NA,NA,NA,NA,NA
2012-08-09,3.59,0.6,NA,NA,NA,NA,NA,NA
2012-08-16,3.62,0.6,NA,NA,NA,NA,NA,NA
2012-08-23,3.66,0.7,NA,NA,NA,NA,NA,NA
2012-08-30,3.59,0.6,NA,NA,NA,NA,NA,NA
2012-09-06,3.55,0.7,NA,NA,NA,NA,NA,NA
2012-09-13,3.55,0.6,NA,NA,NA,NA,NA,NA
2012-09-20,3.49,0.6,NA,NA,NA,NA,NA,NA
2012-09-27,3.4,0.6,NA,NA,NA,NA,NA,NA
2012-10-04,3.36,0.6,NA,NA,NA,NA,NA,NA
2012-10-11,3.39,0.7,NA,NA,NA,NA,NA,NA
2012-10-18,3.37,0.7,NA,NA,NA,NA,NA,NA
2012-10-25,3.41,0.7,NA,NA,NA,NA,NA,NA
2012-11-01,3.39,0.7,NA,NA,NA,NA,NA,NA
2012-11-08,3.4,0.7,NA,NA,NA,NA,NA,NA
2012-11-15,3.34,0.7,NA,NA,NA,NA,NA,NA
2012-11-21,3.31,0.7,NA,NA,NA,NA,NA,NA
2012-11-29,3.32,0.8,NA,NA,NA,NA,NA,NA
2012-12-06,3.34,0.7,NA,NA,NA,NA,NA,NA
2012-12-13,3.32,0.7,NA,NA,NA,NA,NA,NA
2012-12-20,3.37,0.7,NA,NA,NA,NA,NA,NA
2012-12-27,3.35,0.7,NA,NA,NA,NA,NA,NA
2013-01-03,3.34,0.7,NA,NA,NA,NA,NA,NA
2013-01-10,3.4,0.7,NA,NA,NA,NA,NA,NA
2013-01-17,3.38,0.7,NA,NA,NA,NA,NA,NA
2013-01-24,3.42,0.7,NA,NA,NA,NA,NA,NA
2013-01-31,3.53,0.7,NA,NA,NA,NA,NA,NA
2013-02-07,3.53,0.8,NA,NA,NA,NA,NA,NA
2013-02-14,3.53,0.8,NA,NA,NA,NA,NA,NA
2013-02-21,3.56,0.8,NA,NA,NA,NA,NA,NA
2013-02-28,3.51,0.8,NA,NA,NA,NA,NA,NA
2013-03-07,3.52,0.7,NA,NA,NA,NA,NA,NA
2013-03-14,3.63,0.8,NA,NA,NA,NA,NA,NA
2013-03-21,3.54,0.8,NA,NA,NA,NA,NA,NA
2013-03-28,3.57,0.8,NA,NA,NA,NA,NA,NA
2013-04-04,3.54,0.8,NA,NA,NA,NA,NA,NA
2013-04-11,3.43,0.8,NA,NA,NA,NA,NA,NA
2013-04-18,3.41,0.7,NA,NA,NA,NA,NA,NA
2013-04-25,3.4,0.8,NA,NA,NA,NA,NA,NA
2013-05-02,3.35,0.7,NA,NA,NA,NA,NA,NA
2013-05-09,3.42,0.7,NA,NA,NA,NA,NA,NA
2013-05-16,3.51,0.7,NA,NA,NA,NA,NA,NA
2013-05-23,3.59,0.7,NA,NA,NA,NA,NA,NA
2013-05-30,3.81,0.8,NA,NA,NA,NA,NA,NA
2013-06-06,3.91,0.7,NA,NA,NA,NA,NA,NA
2013-06-13,3.98,0.7,NA,NA,NA,NA,NA,NA
2013-06-20,3.93,0.8,NA,NA,NA,NA,NA,NA
2013-06-27,4.46,0.8,NA,NA,NA,NA,NA,NA
2013-07-03,4.29,0.7,NA,NA,NA,NA,NA,NA
2013-07-11,4.51,0.8,NA,NA,NA,NA,NA,NA
2013-07-18,4.37,0.7,NA,NA,NA,NA,NA,NA
2013-07-25,4.31,0.8,NA,NA,NA,NA,NA,NA
2013-08-01,4.39,0.7,NA,NA,NA,NA,NA,NA
2013-08-08,4.4,0.7,NA,NA,NA,NA,NA,NA
2013-08-15,4.4,0.7,NA,NA,NA,NA,NA,NA
2013-08-22,4.58,0.8,NA,NA,NA,NA,NA,NA
2013-08-29,4.51,0.7,NA,NA,NA,NA,NA,NA
2013-09-05,4.57,0.7,NA,NA,NA,NA,NA,NA
2013-09-12,4.57,0.8,NA,NA,NA,NA,NA,NA
2013-09-19,4.5,0.7,NA,NA,NA,NA,NA,NA
2013-09-26,4.32,0.7,NA,NA,NA,NA,NA,NA
2013-10-03,4.22,0.7,NA,NA,NA,NA,NA,NA
2013-10-10,4.23,0.7,NA,NA,NA,NA,NA,NA
2013-10-17,4.28,0.7,NA,NA,NA,NA,NA,NA
2013-10-24,4.13,0.8,NA,NA,NA,NA,NA,NA
2013-10-31,4.1,0.7,NA,NA,NA,NA,NA,NA
2013-11-07,4.16,0.8,NA,NA,NA,NA,NA,NA
2013-11-14,4.35,0.7,NA,NA,NA,NA,NA,NA
2013-11-21,4.22,0.7,NA,NA,NA,NA,NA,NA
2013-11-27,4.29,0.7,NA,NA,NA,NA,NA,NA
2013-12-05,4.46,0.5,NA,NA,NA,NA,NA,NA
2013-12-12,4.42,0.7,NA,NA,NA,NA,NA,NA
2013-12-19,4.47,0.7,NA,NA,NA,NA,NA,NA
2013-12-26,4.48,0.7,NA,NA,NA,NA,NA,NA
2014-01-02,4.53,0.8,NA,NA,NA,NA,NA,NA
2014-01-09,4.51,0.7,NA,NA,NA,NA,NA,NA
2014-01-16,4.41,0.7,NA,NA,NA,NA,NA,NA
2014-01-23,4.39,0.7,NA,NA,NA,NA,NA,NA
2014-01-30,4.32,0.7,NA,NA,NA,NA,NA,NA
2014-02-06,4.23,0.7,NA,NA,NA,NA,NA,NA
2014-02-13,4.28,0.7,NA,NA,NA,NA,NA,NA
2014-02-20,4.33,0.7,NA,NA,NA,NA,NA,NA
2014-02-27,4.37,0.7,NA,NA,NA,NA,NA,NA
2014-03-06,4.28,0.7,NA,NA,NA,NA,NA,NA
2014-03-13,4.37,0.6,NA,NA,NA,NA,NA,NA
2014-03-20,4.32,0.6,NA,NA,NA,NA,NA,NA
2014-03-27,4.4,0.6,NA,NA,NA,NA,NA,NA
2014-04-03,4.41,0.7,NA,NA,NA,NA,NA,NA
2014-04-10,4.34,0.7,NA,NA,NA,NA,NA,NA
2014-04-17,4.27,0.7,NA,NA,NA,NA,NA,NA
2014-04-24,4.33,0.6,NA,NA,NA,NA,NA,NA
2014-05-01,4.29,0.7,NA,NA,NA,NA,NA,NA
2014-05-08,4.21,0.6,NA,NA,NA,NA,NA,NA
2014-05-15,4.2,0.6,NA,NA,NA,NA,NA,NA
2014-05-22,4.14,0.6,NA,NA,NA,NA,NA,NA
2014-05-29,4.12,0.6,NA,NA,NA,NA,NA,NA
2014-06-05,4.14,0.5,NA,NA,NA,NA,NA,NA
2014-06-12,4.2,0.6,NA,NA,NA,NA,NA,NA
2014-06-19,4.17,0.6,NA,NA,NA,NA,NA,NA
2014-06-26,4.14,0.5,NA,NA,NA,NA,NA,NA
2014-07-03,4.12,0.5,NA,NA,NA,NA,NA,NA
2014-07-10,4.15,0.7,NA,NA,NA,NA,NA,NA
2014-07-17,4.13,0.6,NA,NA,NA,NA,NA,NA
2014-07-24,4.13,0.6,NA,NA,NA,NA,NA,NA
2014-07-31,4.12,0.6,NA,NA,NA,NA,NA,NA
2014-08-07,4.14,0.7,NA,NA,NA,NA,NA,NA
2014-08-14,4.12,0.6,NA,NA,NA,NA,NA,NA
2014-08-21,4.1,0.5,NA,NA,NA,NA,NA,NA
2014-08-28,4.1,0.5,NA,NA,NA,NA,NA,NA
2014-09-04,4.1,0.5,NA,NA,NA,NA,NA,NA
2014-09-11,4.12,0.5,NA,NA,NA,NA,NA,NA
2014-09-18,4.23,0.5,NA,NA,NA,NA,NA,NA
2014-09-25,4.2,0.5,NA,NA,NA,NA,NA,NA
2014-10-02,4.19,0.4,NA,NA,NA,NA,NA,NA
2014-10-09,4.12,0.5,NA,NA,NA,NA,NA,NA
2014-10-16,3.97,0.5,NA,NA,NA,NA,NA,NA
2014-10-23,3.92,0.5,NA,NA,NA,NA,NA,NA
2014-10-30,3.98,0.5,NA,NA,NA,NA,NA,NA
2014-11-06,4.02,0.5,NA,NA,NA,NA,NA,NA
2014-11-13,4.01,0.5,NA,NA,NA,NA,NA,NA
2014-11-20,3.99,0.5,NA,NA,NA,NA,NA,NA
2014-11-26,3.97,0.5,NA,NA,NA,NA,NA,NA
2014-12-04,3.89,0.5,NA,NA,NA,NA,NA,NA
2014-12-11,3.93,0.5,NA,NA,NA,NA,NA,NA
2014-12-18,3.8,0.6,NA,NA,NA,NA,NA,NA
2014-12-24,3.83,0.6,NA,NA,NA,NA,NA,NA
2014-12-31,3.87,0.6,NA,NA,NA,NA,NA,NA
2015-01-08,3.73,0.6,NA,NA,NA,NA,NA,NA
2015-01-15,3.66,0.6,NA,NA,NA,NA,NA,NA
2015-01-22,3.63,0.7,NA,NA,NA,NA,NA,NA
2015-01-29,3.66,0.6,NA,NA,NA,NA,NA,NA
2015-02-05,3.59,0.7,NA,NA,NA,NA,NA,NA
2015-02-12,3.69,0.6,NA,NA,NA,NA,NA,NA
2015-02-19,3.76,0.6,NA,NA,NA,NA,NA,NA
2015-02-26,3.8,0.6,NA,NA,NA,NA,NA,NA
2015-03-05,3.75,0.6,NA,NA,NA,NA,NA,NA
2015-03-12,3.86,0.6,NA,NA,NA,NA,NA,NA
2015-03-19,3.78,0.6,NA,NA,NA,NA,NA,NA
2015-03-26,3.69,0.6,NA,NA,NA,NA,NA,NA
2015-04-02,3.7,0.6,NA,NA,NA,NA,NA,NA
2015-04-09,3.66,0.6,NA,NA,NA,NA,NA,NA
2015-04-16,3.67,0.7,NA,NA,NA,NA,NA,NA
2015-04-23,3.65,0.6,NA,NA,NA,NA,NA,NA
2015-04-30,3.68,0.6,NA,NA,NA,NA,NA,NA
2015-05-07,3.8,0.6,NA,NA,NA,NA,NA,NA
2015-05-14,3.85,0.6,NA,NA,NA,NA,NA,NA
2015-05-21,3.84,0.7,NA,NA,NA,NA,NA,NA
2015-05-28,3.87,0.6,NA,NA,NA,NA,NA,NA
2015-06-04,3.87,0.6,NA,NA,NA,NA,NA,NA
2015-06-11,4.04,0.6,NA,NA,NA,NA,NA,NA
2015-06-18,4,0.7,NA,NA,NA,NA,NA,NA
2015-06-25,4.02,0.7,NA,NA,NA,NA,NA,NA
2015-07-02,4.08,0.6,NA,NA,NA,NA,NA,NA
2015-07-09,4.04,0.6,NA,NA,NA,NA,NA,NA
2015-07-16,4.09,0.6,NA,NA,NA,NA,NA,NA
2015-07-23,4.04,0.6,NA,NA,NA,NA,NA,NA
2015-07-30,3.98,0.6,NA,NA,NA,NA,NA,NA
2015-08-06,3.91,0.6,NA,NA,NA,NA,NA,NA
2015-08-13,3.94,0.6,NA,NA,NA,NA,NA,NA
2015-08-20,3.93,0.6,NA,NA,NA,NA,NA,NA
2015-08-27,3.84,0.6,NA,NA,NA,NA,NA,NA
2015-09-03,3.89,0.6,NA,NA,NA,NA,NA,NA
2015-09-10,3.9,0.6,NA,NA,NA,NA,NA,NA
2015-09-17,3.91,0.6,NA,NA,NA,NA,NA,NA
2015-09-24,3.86,0.7,NA,NA,NA,NA,NA,NA
2015-10-01,3.85,0.6,NA,NA,NA,NA,NA,NA
2015-10-08,3.76,0.6,NA,NA,NA,NA,NA,NA
2015-10-15,3.82,0.6,NA,NA,NA,NA,NA,NA
2015-10-22,3.79,0.6,NA,NA,NA,NA,NA,NA
2015-10-29,3.76,0.6,NA,NA,NA,NA,NA,NA
2015-11-05,3.87,0.6,NA,NA,NA,NA,NA,NA
2015-11-12,3.98,0.6,NA,NA,NA,NA,NA,NA
2015-11-19,3.97,0.6,NA,NA,NA,NA,NA,NA
2015-11-25,3.95,0.7,NA,NA,NA,NA,NA,NA
2015-12-03,3.93,0.6,NA,NA,NA,NA,NA,NA
2015-12-10,3.95,0.6,NA,NA,NA,NA,NA,NA
2015-12-17,3.97,0.6,NA,NA,NA,NA,NA,NA
2015-12-24,3.96,0.6,NA,NA,NA,NA,NA,NA
2015-12-31,4.01,0.6,NA,NA,NA,NA,NA,NA
2016-01-07,3.97,0.6,NA,NA,NA,NA,NA,NA
2016-01-14,3.92,0.6,NA,NA,NA,NA,NA,NA
2016-01-21,3.81,0.6,NA,NA,NA,NA,NA,NA
2016-01-28,3.79,0.6,NA,NA,NA,NA,NA,NA
2016-02-04,3.72,0.6,NA,NA,NA,NA,NA,NA
2016-02-11,3.65,0.5,NA,NA,NA,NA,NA,NA
2016-02-18,3.65,0.5,NA,NA,NA,NA,NA,NA
2016-02-25,3.62,0.6,NA,NA,NA,NA,NA,NA
2016-03-03,3.64,0.5,NA,NA,NA,NA,NA,NA
2016-03-10,3.68,0.5,NA,NA,NA,NA,NA,NA
2016-03-17,3.73,0.5,NA,NA,NA,NA,NA,NA
2016-03-24,3.71,0.5,NA,NA,NA,NA,NA,NA
2016-03-31,3.71,0.5,NA,NA,NA,NA,NA,NA
2016-04-07,3.59,0.5,NA,NA,NA,NA,NA,NA
2016-04-14,3.58,0.5,NA,NA,NA,NA,NA,NA
2016-04-21,3.59,0.6,NA,NA,NA,NA,NA,NA
2016-04-28,3.66,0.6,NA,NA,NA,NA,NA,NA
2016-05-05,3.61,0.6,NA,NA,NA,NA,NA,NA
2016-05-12,3.57,0.5,NA,NA,NA,NA,NA,NA
2016-05-19,3.58,0.6,NA,NA,NA,NA,NA,NA
2016-05-26,3.64,0.5,NA,NA,NA,NA,NA,NA
2016-06-02,3.66,0.5,NA,NA,NA,NA,NA,NA
2016-06-09,3.6,0.5,NA,NA,NA,NA,NA,NA
2016-06-16,3.54,0.5,NA,NA,NA,NA,NA,NA
2016-06-23,3.56,0.6,NA,NA,NA,NA,NA,NA
2016-06-30,3.48,0.5,NA,NA,NA,NA,NA,NA
2016-07-07,3.41,0.5,NA,NA,NA,NA,NA,NA
2016-07-14,3.42,0.5,NA,NA,NA,NA,NA,NA
2016-07-21,3.45,0.5,NA,NA,NA,NA,NA,NA
2016-07-28,3.48,0.5,NA,NA,NA,NA,NA,NA
2016-08-04,3.43,0.5,NA,NA,NA,NA,NA,NA
2016-08-11,3.45,0.5,NA,NA,NA,NA,NA,NA
2016-08-18,3.43,0.5,NA,NA,NA,NA,NA,NA
2016-08-25,3.43,0.6,NA,NA,NA,NA,NA,NA
2016-09-01,3.46,0.5,NA,NA,NA,NA,NA,NA
2016-09-08,3.44,0.6,NA,NA,NA,NA,NA,NA
2016-09-15,3.5,0.5,NA,NA,NA,NA,NA,NA
2016-09-22,3.48,0.6,NA,NA,NA,NA,NA,NA
2016-09-29,3.42,0.5,NA,NA,NA,NA,NA,NA
2016-10-06,3.42,0.5,NA,NA,NA,NA,NA,NA
2016-10-13,3.47,0.6,NA,NA,NA,NA,NA,NA
2016-10-20,3.52,0.5,NA,NA,NA,NA,NA,NA
2016-10-27,3.47,0.6,NA,NA,NA,NA,NA,NA
2016-11-03,3.54,0.5,NA,NA,NA,NA,NA,NA
2016-11-10,3.57,0.5,NA,NA,NA,NA,NA,NA
2016-11-17,3.94,0.5,NA,NA,NA,NA,NA,NA
2016-11-23,4.03,0.5,NA,NA,NA,NA,NA,NA
2016-12-01,4.08,0.5,NA,NA,NA,NA,NA,NA
2016-12-08,4.13,0.5,NA,NA,NA,NA,NA,NA
2016-12-15,4.16,0.5,NA,NA,NA,NA,NA,NA
2016-12-22,4.3,0.5,NA,NA,NA,NA,NA,NA
2016-12-29,4.32,0.5,NA,NA,NA,NA,NA,NA
2017-01-05,4.2,0.5,NA,NA,NA,NA,NA,NA
2017-01-12,4.12,0.5,NA,NA,NA,NA,NA,NA
2017-01-19,4.09,0.5,NA,NA,NA,NA,NA,NA
2017-01-26,4.19,0.4,NA,NA,NA,NA,NA,NA
2017-02-02,4.19,0.5,NA,NA,NA,NA,NA,NA
2017-02-09,4.17,0.4,NA,NA,NA,NA,NA,NA
2017-02-16,4.15,0.5,NA,NA,NA,NA,NA,NA
2017-02-23,4.16,0.5,NA,NA,NA,NA,NA,TRUE
2017-03-02,4.1,0.5,NA,NA,NA,NA,NA,NA
2017-03-09,4.21,0.5,NA,NA,NA,NA,NA,NA
2017-03-16,4.3,0.5,NA,NA,NA,NA,NA,NA
2017-03-23,4.23,0.5,NA,NA,NA,NA,NA,NA
2017-03-30,4.14,0.5,NA,NA,NA,NA,NA,NA
2017-04-06,4.1,0.5,NA,NA,NA,NA,NA,NA
2017-04-13,4.08,0.5,NA,NA,NA,NA,NA,NA
2017-04-20,3.97,0.5,NA,NA,NA,NA,NA,NA
2017-04-27,4.03,0.5,NA,NA,NA,NA,NA,NA
2017-05-04,4.02,0.5,NA,NA,NA,NA,NA,NA
2017-05-11,4.05,0.5,NA,NA,NA,NA,NA,NA
2017-05-18,4.02,0.5,NA,NA,NA,NA,NA,NA
2017-05-25,3.95,0.5,NA,NA,NA,NA,NA,NA
2017-06-01,3.94,0.5,NA,NA,NA,NA,NA,NA
2017-06-08,3.89,0.5,NA,NA,NA,NA,NA,NA
2017-06-15,3.91,0.5,NA,NA,NA,NA,NA,NA
2017-06-22,3.9,0.5,NA,NA,NA,NA,NA,NA
2017-06-29,3.88,0.5,NA,NA,NA,NA,NA,NA
2017-07-06,3.96,0.6,NA,NA,NA,NA,NA,NA
2017-07-13,4.03,0.5,NA,NA,NA,NA,NA,NA
2017-07-20,3.96,0.6,NA,NA,NA,NA,NA,NA
2017-07-27,3.92,0.5,NA,NA,NA,NA,NA,NA
2017-08-03,3.93,0.5,NA,NA,NA,NA,NA,NA
2017-08-10,3.9,0.5,NA,NA,NA,NA,NA,NA
2017-08-17,3.89,0.4,NA,NA,NA,NA,NA,NA
2017-08-24,3.86,0.5,NA,NA,NA,NA,NA,NA
2017-08-31,3.82,0.5,NA,NA,NA,NA,NA,NA
2017-09-07,3.78,0.5,NA,NA,NA,NA,NA,NA
2017-09-14,3.78,0.5,NA,NA,NA,NA,NA,NA
2017-09-21,3.83,0.5,NA,NA,NA,NA,NA,NA
2017-09-28,3.83,0.6,NA,NA,NA,NA,NA,NA
2017-10-05,3.85,0.5,NA,NA,NA,NA,NA,NA
2017-10-12,3.91,0.5,NA,NA,NA,NA,NA,NA
2017-10-19,3.88,0.5,NA,NA,NA,NA,NA,NA
2017-10-26,3.94,0.5,NA,NA,NA,NA,NA,NA
2017-11-02,3.94,0.5,NA,NA,NA,NA,NA,NA
2017-11-09,3.9,0.4,NA,NA,NA,NA,NA,NA
2017-11-16,3.95,0.5,NA,NA,NA,NA,NA,NA
2017-11-22,3.92,0.5,NA,NA,NA,NA,NA,NA
2017-11-30,3.9,0.5,NA,NA,NA,NA,NA,NA
2017-12-07,3.94,0.5,NA,NA,NA,NA,NA,NA
2017-12-14,3.93,0.5,NA,NA,NA,NA,NA,NA
2017-12-21,3.94,0.5,NA,NA,NA,NA,NA,NA
2017-12-28,3.99,0.5,NA,NA,NA,NA,NA,NA
2018-01-04,3.95,0.5,NA,NA,NA,NA,NA,NA
2018-01-11,3.99,0.5,NA,NA,NA,NA,NA,NA
2018-01-18,4.04,0.6,NA,NA,NA,NA,NA,NA
2018-01-25,4.15,0.5,NA,NA,NA,NA,NA,NA
2018-02-01,4.22,0.5,NA,NA,NA,NA,NA,NA
2018-02-08,4.32,0.6,NA,NA,NA,NA,NA,NA
2018-02-15,4.38,0.6,NA,NA,NA,NA,NA,NA
2018-02-22,4.4,0.5,NA,NA,NA,NA,NA,NA
2018-03-01,4.43,0.5,NA,NA,NA,NA,NA,NA
2018-03-08,4.46,0.5,NA,NA,NA,NA,NA,NA
2018-03-15,4.44,0.5,NA,NA,NA,NA,NA,NA
2018-03-22,4.45,0.5,NA,NA,NA,NA,NA,NA
2018-03-29,4.44,0.5,NA,NA,NA,NA,NA,NA
2018-04-05,4.4,0.5,NA,NA,NA,NA,NA,NA
2018-04-12,4.42,0.4,NA,NA,NA,NA,NA,NA
2018-04-19,4.47,0.5,NA,NA,NA,NA,NA,NA
2018-04-26,4.58,0.5,NA,NA,NA,NA,NA,NA
2018-05-03,4.55,0.5,NA,NA,NA,NA,NA,NA
2018-05-10,4.55,0.5,NA,NA,NA,NA,NA,NA
2018-05-17,4.61,0.4,NA,NA,NA,NA,NA,NA
2018-05-24,4.66,0.4,NA,NA,NA,NA,NA,NA
2018-05-31,4.56,0.4,NA,NA,NA,NA,NA,NA
2018-06-07,4.54,0.5,NA,NA,NA,NA,NA,NA
2018-06-14,4.62,0.4,NA,NA,NA,NA,NA,NA
2018-06-21,4.57,0.5,NA,NA,NA,NA,NA,NA
2018-06-28,4.55,0.5,NA,NA,NA,NA,NA,NA
2018-07-05,4.52,0.5,NA,NA,NA,NA,NA,NA
2018-07-12,4.53,0.4,NA,NA,NA,NA,NA,NA
2018-07-19,4.52,0.4,NA,NA,NA,NA,NA,NA
2018-07-26,4.54,0.5,NA,NA,NA,NA,NA,NA
2018-08-02,4.6,0.4,NA,NA,NA,NA,NA,NA
2018-08-09,4.59,0.5,NA,NA,NA,NA,NA,NA
2018-08-16,4.53,0.5,NA,NA,NA,NA,NA,NA
2018-08-23,4.51,0.5,NA,NA,NA,NA,NA,NA
2018-08-30,4.52,0.5,NA,NA,NA,NA,NA,NA
2018-09-06,4.54,0.5,NA,NA,NA,NA,NA,NA
2018-09-13,4.6,0.5,NA,NA,NA,NA,NA,NA
2018-09-20,4.65,0.5,NA,NA,NA,NA,NA,NA
2018-09-27,4.72,0.5,NA,NA,NA,NA,NA,NA
2018-10-04,4.71,0.4,NA,NA,NA,NA,NA,NA
2018-10-11,4.9,0.5,NA,NA,NA,NA,NA,NA
2018-10-18,4.85,0.5,NA,NA,NA,NA,NA,NA
2018-10-25,4.86,0.5,NA,NA,NA,NA,NA,NA
2018-11-01,4.83,0.5,NA,NA,NA,NA,NA,NA
2018-11-08,4.94,0.5,NA,NA,NA,NA,NA,NA
2018-11-15,4.94,0.5,NA,NA,NA,NA,NA,NA
2018-11-21,4.81,0.4,NA,NA,NA,NA,NA,NA
2018-11-29,4.81,0.5,NA,NA,NA,NA,NA,NA
2018-12-06,4.75,0.5,NA,NA,NA,NA,NA,NA
2018-12-13,4.63,0.5,NA,NA,NA,NA,NA,NA
2018-12-20,4.62,0.4,NA,NA,NA,NA,NA,NA
2018-12-27,4.55,0.5,NA,NA,NA,NA,NA,NA
