name,period_range,duration_months,time_since_previous_recession_months,peak_unemploy_ment,gdp_decline_peak_to_trough,characteristics
Great Depression,Aug 1929–Mar 1933Oct 1929–Dec 1941,433 years7 months,0211 year9 months,24.921.3%(1932)[50]–  24.9%(1933)[51],26.7−26.7%,"A banking panic and a collapse in the money supply took place in the United States that was exacerbated by international commitment to the gold standard.[52][53][54]Extensive new tariffs and other factors contributed to an extremely deep depression.[55] GDP, industrial production, employment, and prices fell substantially. A small economic expansion within the depression began in 1933, with gold inflow expanding the money supply and improving expectations; the expansion would end in 1937. The ultimate recovery, which would occur with the start of World War II in 1940, was credited to monetary policy and monetary expansion.[56]"
Recession of 1937–1938,1937May 1937–June 1938,131 year1 month,0504 years2 months,"19.017.8%[50]–
19.0%(1938)[57]",18.2−18.2%,"The Recession of 1937 is only considered minor when compared to the Great Depression, but is otherwise among the worst recessions of the 20th century. Three explanations are offered as causes for the recession:  the tight fiscal policy resulting from an attempt to balance the budget after New Deal spending; the tight monetary policy of the Federal Reserve; and the declining profits of businesses leading to a reduction in business investment.[58]"
Recession of 1945,1945Feb 1945–Oct 1945,088 months,0806 years8 months,05.25.2%[57](1946),12.7−12.7%,"The decline in government spending at the end of World War II led to an enormous drop in gross domestic product, making this technically a recession. This was the result of demobilization and the shift from a wartime to peacetime economy. The post-war years were unusual in a number of ways (unemployment was never high), and this era may be considered a ""sui generis end-of-the-war recession"".[59][60]"
Recession of 1949,1948Nov 1948–Oct 1949,1111 months,0373 years1 month,07.97.9%(Oct 1949),01.7−1.7%,"The 1948 recession was a brief economic downturn; forecasters of the time expected much worse, perhaps influenced by the poor economy in their recent lifetimes.[61] The recession also followed a period of monetary tightening.[39]"
Recession of 1953,1953July 1953–May 1954,1010 months,0453 years9 months,06.16.1%(Sep 1954),02.6−2.6%,"After a post-Korean War inflationary period, more funds were transferred to national security. In 1951, the Federal Reserve reasserted its independence from the U.S. Treasury and in 1952, the Federal Reserve changed monetary policy to be more restrictive because of fears of further inflation or of a bubble forming.[39][62][63]"
Recession of 1958,1957Aug 1957–April 1958,088 months,0393 years3 months,07.57.5%(July 1958),03.7−3.7%,"Monetary policy was tightened during the two years preceding 1957, followed by an easing of policy at the end of 1957. The budget balance resulted in a change in budget surplus of 0.8% of GDP in 1957 to a budget deficit of 0.6% of GDP in 1958, and then to 2.6% of GDP in 1959.[39]"
Recession of 1960–61,1960Apr 1960–Feb 1961,1010 months,0242 years,07.17.1%(May 1961),01.6−1.6%,"Another primarily monetary recession occurred after the Federal Reserve began raising interest rates in 1959. The government switched from deficit (or 2.6% in 1959) to surplus (of 0.1% in 1960). When the economy emerged from this short recession, it began the second-longest period of growth in NBER history.[39] The Dow Jones Industrial Average (Dow) finally reached its lowest point on February 20, 1961, about 4 weeks after President Kennedy was inaugurated.[citation needed]"
Recession of 1969–70,1969Dec 1969–Nov 1970,1111 months,1068 years10 months,06.1 6.1%(Dec 1970),00.6−0.6%,"The relatively mild 1969 recession followed a lengthy expansion. At the end of the expansion, inflation was rising, possibly a result of increased deficits. This relatively mild recession coincided with an attempt to start closing the budget deficits of the Vietnam War (fiscal tightening) and the Federal Reserve raising interest rates (monetary tightening).[39]"
1973–75 recession,1973Nov 1973–Mar 1975,161 year4 months,0363 years,09.0 9.0%(May 1975),03.2−3.2%,"The 1973 oil crisis, a quadrupling of oil prices by OPEC, coupled with the 1973–1974 stock market crash led to a stagflation recession in the United States.[64][65]"
1980 recession,1980Jan 1980–July 1980,066 months,0584 years10 months,07.8 7.8%(July 1980),02.2−2.2%,"The NBER considers a very short recession to have occurred in 1980, followed by a short period of growth and then a deep recession. Unemployment remained relatively elevated in between recessions. The recession began as the Federal Reserve, under Paul Volcker, raised interest rates dramatically to fight the inflation of the 1970s. The early 1980s are sometimes referred to as a ""double-dip"" or ""W-shaped"" recession.[39][66]"
1981–1982 recession,1981July 1981–Nov 1982,161 year4 months,0121 year,10.8 10.8%(Nov 1982),02.7−2.7%,"The Iranian Revolution sharply increased the price of oil around the world in 1979, causing the 1979 energy crisis. This was caused by the new regime in power in Iran, which exported oil at inconsistent intervals and at a lower volume, forcing prices up. Tight monetary policy in the United States to control inflation led to another recession. The changes were made largely because of inflation carried over from the previous decade because of the 1973 oil crisis and the 1979 energy crisis.[67][68]"
Early 1990s recession,1990July 1990–Mar 1991,088 months,0927 years8 months,07.8 7.8%(June 1992),01.4−1.4%,"After the lengthy peacetime expansion of the 1980s, inflation began to increase and the Federal Reserve responded by raising interest rates from 1986 to 1989. This weakened but did not stop growth, but some combination of the subsequent 1990 oil price shock, the debt accumulation of the 1980s, and growing consumer pessimism combined with the weakened economy to produce a brief recession.[69][70][71]"
Early 2000s recession,2001Mar 2001–Nov 2001,088 months,12010 years,06.3 6.3%(June 2003),00.3−0.3%,"The 1990s were the longest period of economic growth in American history up to that point. The collapse of the speculative dot-com bubble, a fall in business outlays and investments, and the September 11th attacks,[72] brought the decade of growth to an end. Despite these major shocks, the recession was brief and shallow.[73]"
Great Recession,2007Dec 2007–June 2009[74][75],181 year6 months,"0736 years
1 month",10.010.0%(October 2009)[76],03.9−5.1%[77],"The subprime mortgage crisis led to the collapse of the United States housing bubble. Falling housing-related assets contributed to a global financial crisis, even as oil and food prices soared. The crisis led to the failure or collapse of many of the United States' largest financial institutions: Bear Stearns, Fannie Mae, Freddie Mac, Lehman Brothers, and AIG, as well as a crisis in the automobile industry. The government responded with an unprecedented $700 billion bank bailout and $787 billion fiscal stimulus package. The National Bureau of Economic Research declared the end of this recession over a year after the end date.[78] The Dow Jones Industrial Average (Dow) finally reached its lowest point on March 9, 2009.[79]"
COVID-19 recession,Feb 2020–present[80],7 months,"12810 years
8 months",14.714.7%(April 2020),,"The first documented case of COVID-19 emerged in Wuhan, China in November 2019. The government in China first instituted travel restrictions, quarantines and stay-at-home orders. When efforts to contain the virus in China were unsuccessful, other countries instituted similar measures in an attempt to contain and slow the spread of the virus, which prompted many cities to close. The initial outbreak expanded into a global pandemic. The economic effects of the pandemic were severe.  More than 24 million people lost jobs in the United States in just three weeks.[81] Official economic impact of the virus is still being determined but the stock market responded negatively to the shock to supply chains, primarily in technology industries.[82][83][needs update]"
